Episode,Score,Epsilon,Loss,Steps
0,-2.299999999999997,0.9,N/A,25
1,-11.9,0.9,N/A,20
2,-12.100000000000001,0.8849523210725866,4.382571697235107,22
3,-14.100000000000001,0.7413651836323272,1.5951529741287231,42
4,-12.700000000000001,0.6588305500386507,0.5553964972496033,28
5,-11.0,0.6289794814477487,0.09188710898160934,11
6,-12.8,0.5566053310111446,0.9412352442741394,29
7,-9.09999999999999,0.37609369841975854,3.211381196975708,93
8,-11.0,0.3590532032765454,1.149746298789978,11
9,-10.5,0.35008608614589376,5.331888198852539,6
10,-10.9,0.335635785059458,0.7598466873168945,10
11,-11.6,0.3124259163492461,0.7477444410324097,17
12,-13.3,0.2707102124969933,0.5284664630889893,34
13,-18.999999999999986,0.18446528760261066,0.3717605173587799,91
14,-12.200000000000001,0.16742083048331813,0.5139323472976685,23
15,-11.700000000000001,0.15518781786329994,2.9002814292907715,18
16,-11.8,0.14324355864794241,2.869997978210449,19
17,-10.6,0.13907865672698147,0.6666648983955383,7
18,-13.700000000000003,0.11849374843122056,0.44549188017845154,38
19,-12.8,0.10485914725946407,0.8915938138961792,29
20,-16.39999999999999,0.07972847810113164,0.27433815598487854,65
21,-11.8,0.07359205823005177,0.9104271531105042,19
22,3.100000000000014,0.054327971255266345,0.506508469581604,72
23,-28.599999999999994,0.024699616988386502,0.29496490955352783,187
24,-689.3000000000859,5.892438942777696e-15,0.2764476239681244,6895
25,-1965.6999999993168,9.252575063878192e-51,0.011301123537123203,19558
26,-29.80000000000001,3.9990923926494253e-51,3.265653133392334,199
27,-1589.7999999996587,4.779438372748274e-80,0.0029692952521145344,15799
28,-1.699999999999994,4.411581851444404e-80,0.04394461214542389,19
29,-28.89999999999999,1.293815997202373e-80,0.03900260478258133,291
30,-11.2,1.2248247318378068e-80,0.04816502705216408,13
31,-32.70000000000005,4.684720136222833e-81,0.07552787661552429,228
32,-12.5,4.198426092063736e-81,0.519092857837677,26
33,-1352.4999999998745,7.240351063729284e-106,0.008293155580759048,13527
0,-11.2,0.9,N/A,13
1,-10.6,0.9,N/A,7
2,-11.9,0.9,N/A,20
3,-10.8,0.9,N/A,9
4,-15.699999999999996,0.9,N/A,58
5,-0.5999999999999996,0.9,N/A,8
6,-14.4,0.7868944897387026,3.493891954421997,45
7,-10.8,0.7585940147082363,3.3222463130950928,9
8,-15.599999999999996,0.6015399752189743,1.3946083784103394,57
9,-12.0,0.5522655394919753,0.9271663427352905,21
10,-10.5,0.5389434728381092,1.3243776559829712,6
11,-0.5999999999999996,0.5216792692952762,1.6780338287353516,8
12,-12.600000000000001,0.4673931055027495,0.9739319682121277,27
13,-3.699999999999994,0.39879671139689593,1.805193543434143,39
14,-10.4,0.3907637734837981,1.112208366394043,5
15,7.699999999999971,0.3515284445207644,1.699817180633545,26
16,-11.0,0.3361386648344591,2.3998782634735107,11
17,-10.5,0.3280301348291548,0.7746099829673767,6
18,-12.200000000000001,0.29871861308365666,1.077417016029358,23
19,-12.8,0.26546428345744905,0.5469074845314026,29
20,4.199999999999987,0.20710537044897662,1.074215054512024,61
21,-13.500000000000002,0.1788804963740992,1.0149856805801392,36
22,-13.000000000000002,0.1576782878304817,0.48664146661758423,31
23,-13.3,0.13730249700798688,0.7395271062850952,34
24,23.799999999999947,0.10453433726095922,1.4657317399978638,67
25,-11.4,0.09834383718502261,0.5371296405792236,15
26,-9.499999999999982,0.04393302604690227,0.29854464530944824,198
27,14.599999999999955,0.03469594694023658,0.7283244729042053,58
28,16.099999999999973,0.02912582210823313,0.5028641223907471,43
29,15.599999999999902,0.015882813689473873,1.1544930934906006,149
30,-2.4999999999999964,0.01423004142846815,1.0385159254074097,27
31,111.30000000000076,0.002748871657125586,2.02370285987854,404
32,53.600000000001984,0.0001741085798149872,1.1214581727981567,678
33,2.8999999999999577,1.649923842823766e-05,0.6340317130088806,579
0,-10.5,0.9,N/A,6
1,-2.3999999999999915,0.8958573832522353,9.371706008911133,26
2,-12.700000000000001,0.7872944273188653,1.460434079170227,28
3,-3.899999999999986,0.6516107787867245,1.3006048202514648,41
4,-11.9,0.5941766993063196,3.612413167953491,20
5,-11.0,0.5647752589545685,2.257256507873535,11
6,-10.9,0.539311078927622,5.020549297332764,10
7,-0.5999999999999996,0.5197688935628695,5.011055946350098,8
8,-11.8,0.47614724322767366,3.7167530059814453,19
9,-11.4,0.44431072043565906,0.26457497477531433,15
10,-11.3,0.4165200790848753,0.8041498064994812,14
11,8.900000000000002,0.39046768016481803,5.9133710861206055,14
12,-11.4,0.3643599301443727,1.2063584327697754,15
13,4.400000000000004,0.2775340759614819,1.5576473474502563,59
14,7.899999999999995,0.24844436023873662,2.418191909790039,24
15,-4.599999999999985,0.19909245408183135,0.6755531430244446,48
16,9.599999999999984,0.1209657796355456,1.7764512300491333,108
17,4.8000000000000025,0.09385615557643037,0.4492437541484833,55
18,1.200000000000001,0.06167827748866971,0.4436831772327423,91
19,-7.499999999999984,0.04323670222577234,0.8572559952735901,77
20,-11.899999999999984,0.024740762081967557,0.14069458842277527,121
21,54.499999999999886,0.0072853522681541275,1.2040886878967285,265
22,14.299999999999947,0.00549830713106573,0.6379963159561157,61
23,-12.8,0.004809762848861809,0.38690173625946045,29
24,36.59999999999997,0.0039992483833485235,1.4064781665802002,40
25,9.0,0.0037664409250664087,2.6855883598327637,13
26,45.899999999999984,0.003018261176084434,2.762028455734253,48
27,63.89999999999996,0.0021852572394779036,0.4270646274089813,70
28,113.90000000000008,0.0009702045592455665,1.6024096012115479,176
29,116.8000000000007,0.00030900288954599763,0.3691604733467102,248
30,252.80000000000064,7.67124113741392e-05,0.8849695920944214,302
31,30.799999999999883,4.8810098592984724e-05,0.3010571599006653,98
32,78.90000000000015,1.7446154646659558e-05,1.7142415046691895,223
33,54.299999999999955,1.2925984439836013e-05,1.4434523582458496,65
34,82.00000000000001,8.494407747664472e-06,0.5497190952301025,91
35,192.600000000001,2.148081360379416e-06,0.48877495527267456,298
36,127.40000000000032,7.001129594819808e-07,2.6314847469329834,243
37,189.60000000000093,2.45665189146803e-07,0.498193621635437,227
38,147.80000000000067,8.0810589628402e-08,0.9987102150917053,241
39,100.5000000000002,4.9099379593713305e-08,0.6862311363220215,108
40,170.70000000000053,1.8293580959282974e-08,1.1443061828613281,214
41,22.799999999999976,1.2823868382590208e-08,1.552473783493042,77
42,118.30000000000035,6.974926084505693e-09,1.0740859508514404,132
43,196.9000000000009,2.1508662952921376e-09,0.6991592645645142,255
44,165.8000000000006,1.0186500422430654e-09,1.2010647058486938,162
45,174.30000000000038,4.481036554623554e-10,0.41870883107185364,178
46,160.10000000000082,1.6314848611224825e-10,0.7527075409889221,219
47,111.20000000000005,1.0190900704191865e-10,3.304697036743164,102
48,181.00000000000063,3.832150497508113e-11,4.245722770690918,212
49,64.50000000000003,2.852397844489723e-11,0.9743529558181763,64
50,174.2000000000003,1.2489928340129814e-11,4.586998462677002,179
51,185.3000000000006,5.727249659953528e-12,1.0917989015579224,169
52,181.6000000000012,1.3894120093066236e-12,1.4227262735366821,307
53,120.7000000000003,8.441872280688482e-13,5.923274040222168,108
54,187.80000000000067,2.726144695763723e-13,1.5574170351028442,245
55,54.299999999999926,2.0198206786462528e-13,2.0215542316436768,65
56,91.3000000000003,1.2792435394734507e-13,3.223475933074951,99
57,271.1999999999998,2.922745144996331e-14,0.6377472281455994,320
58,148.40000000000035,1.5750858903769136e-14,2.4014577865600586,134
59,72.30000000000004,1.0543583577856974e-14,1.0570576190948486,87
60,150.80000000000064,3.983105994700493e-15,2.2718958854675293,211
61,56.89999999999998,3.327209981080429e-15,4.817124843597412,39
62,43.99999999999998,2.442512847913809e-15,3.6189260482788086,67
63,138.60000000000028,1.3346305034828569e-15,7.890923500061035,131
64,43.599999999999916,9.618407321929603e-16,6.846925735473633,71
65,268.80000000000024,3.134877356074572e-16,0.5709356069564819,243
66,120.50000000000026,1.8872134346570737e-16,4.796297073364258,110
67,145.9000000000004,9.062405885554514e-17,3.5242700576782227,159
68,91.30000000000018,5.739630405681257e-17,8.168069839477539,99
69,45.59999999999996,4.536267832829026e-17,2.9893386363983154,51
70,119.30000000000021,2.583780209959741e-17,4.916595935821533,122
71,96.30000000000025,1.2933341544791602e-17,4.009586811065674,150
72,143.5000000000006,5.559632245299512e-18,4.209342956542969,183
73,73.40000000000009,3.9153448797981514e-18,3.2920453548431396,76
74,247.70000000000078,1.224206619388182e-18,1.9797875881195068,252
75,192.20000000000073,4.843113683294069e-19,8.070974349975586,201
76,139.70000000000036,2.784125491394797e-19,2.623831272125244,120
77,192.40000000000077,1.1116447237309114e-19,5.080380439758301,199
78,137.10000000000034,5.668076702821765e-20,1.8351516723632812,146
79,102.70000000000013,3.811740746757384e-20,1.6306099891662598,86
80,75.0,2.890050465156314e-20,4.4433465003967285,60
81,74.30000000000004,2.121592996054713e-20,3.4952640533447266,67
82,154.40000000000052,9.462947891731394e-21,1.551760196685791,175
83,183.7000000000005,4.03045895571799e-21,2.3955798149108887,185
84,200.40000000000074,1.4606811750954464e-21,7.48892879486084,220
85,109.7000000000003,8.513937778079431e-22,3.893268585205078,117
86,210.70000000000084,3.11414381937094e-22,1.8269281387329102,218
87,156.60000000000053,1.5373860932499538e-22,3.3494670391082764,153
88,168.3000000000005,8.171190680151169e-23,5.159575462341309,137
89,146.10000000000053,3.960181579020878e-23,3.3008570671081543,157
90,198.00000000000048,2.0473670209632178e-23,2.6065163612365723,143
91,99.1000000000003,1.166145074813613e-23,10.428231239318848,122
92,250.2000000000006,4.0919289736997405e-24,7.379251480102539,227
93,204.3000000000005,1.7752955708441597e-24,6.225715637207031,181
94,130.9000000000003,1.0836325221141635e-24,9.210915565490723,107
95,131.40000000000032,6.768797980203487e-25,4.393608093261719,102
96,194.70000000000059,3.0051924974172e-25,4.6051483154296875,176
97,101.40000000000018,1.9033239573384613e-25,5.613882541656494,99
98,74.00000000000006,1.378029340138606e-25,3.670240879058838,70
99,211.9000000000007,5.327337897664658e-26,2.3974201679229736,206
100,212.50000000000068,2.1173069147485393e-26,5.3419270515441895,200
101,94.60000000000002,1.5615075724288362e-26,2.8213155269622803,66
102,92.00000000000014,1.0214331248924477e-26,11.034720420837402,92
103,206.40000000000043,4.882348720429197e-27,14.426828384399414,160
104,259.30000000000064,1.6359422871485195e-27,5.26422119140625,237
105,65.50000000000003,1.2751810289005859e-27,4.017964839935303,54
106,157.8000000000005,6.653646312560802e-28,5.444602966308594,141
107,239.00000000000094,2.2191939626863856e-28,2.581333637237549,238
108,119.10000000000034,1.2524052427317682e-28,9.792414665222168,124
109,161.70000000000022,7.823019247207445e-29,3.005732774734497,102
110,167.20000000000053,3.952181147144235e-29,6.573049545288086,148
111,214.4000000000007,1.714665560129489e-29,5.177131175994873,181
112,176.90000000000043,8.504080053028307e-30,10.763080596923828,152
113,56.29999999999998,6.90977480317595e-30,3.904608964920044,45
114,102.70000000000014,4.646773773380868e-30,4.272708415985107,86
115,174.5000000000006,2.0630619678413542e-30,5.77407169342041,176
116,216.70000000000064,9.952642283366007e-31,5.278897285461426,158
117,259.3000000000005,3.334859780107949e-31,6.079015254974365,237
118,34.99999999999994,2.5755748650844035e-31,5.458765506744385,56
119,208.10000000000088,8.355798072262539e-32,6.972830772399902,244
120,140.3000000000004,4.938259095581045e-32,6.606623649597168,114
121,66.0,3.939089944178238e-32,4.419020652770996,49
122,239.80000000000092,1.3632029129941737e-32,24.403867721557617,230
123,158.20000000000044,7.245408935803299e-33,8.526631355285645,137
124,207.30000000000095,2.265414121026794e-33,3.8622519969940186,252
125,140.80000000000032,1.3700982136624157e-33,5.584742069244385,109
126,135.80000000000052,6.579216683850164e-34,1.7861961126327515,159
127,113.50000000000011,4.569695383878657e-34,4.660446643829346,79
128,110.50000000000018,2.7637028587054857e-34,4.9804792404174805,109
129,181.6000000000007,1.0684227503882458e-34,10.453853607177734,206
130,233.4000000000006,4.385732349138942e-35,3.834568500518799,193
131,272.00000000000034,1.6568215808232638e-35,6.911320686340332,211
132,177.50000000000043,8.447835538209139e-36,1.7847259044647217,146
133,173.8000000000006,3.631455853737094e-36,6.130000591278076,183
134,101.40000000000013,2.2999647884037875e-36,3.2791976928710938,99
135,238.6000000000009,7.530818997067207e-37,14.557811737060547,242
136,204.30000000000064,3.267268248362195e-37,10.50006103515625,181
137,205.90000000000063,1.526108774184722e-37,9.233209609985352,165
138,176.90000000000038,7.568911096759696e-38,11.075338363647461,152
139,229.60000000000068,2.6073202637613513e-38,7.524257659912109,231
140,385.2999999999992,6.841338189615036e-39,6.722569465637207,290
141,266.59999999999985,2.0145522814452234e-39,21.34318733215332,265
142,37.09999999999998,1.714160241382949e-39,3.3840627670288086,35
143,150.70000000000024,1.0271840102611908e-39,5.25438117980957,111
144,164.20000000000064,4.518577438204143e-40,6.748775959014893,178
145,168.50000000000028,2.423881537437426e-40,2.928558111190796,135
146,149.40000000000038,1.367920964228207e-40,6.473731517791748,124
147,111.00000000000026,8.466097445749065e-41,5.071567535400391,104
148,110.80000000000031,5.191564525384233e-41,9.517897605895996,106
149,193.50000000000074,2.1807978684115868e-41,18.812637329101562,188
150,139.00000000000037,1.213819561933487e-41,11.587111473083496,127
151,147.10000000000045,6.160560229029001e-42,3.4565932750701904,147
152,215.30000000000064,2.7860921709088823e-42,3.8307182788848877,172
153,184.2000000000006,1.2143438978543904e-42,6.352191925048828,180
154,155.5000000000005,5.69830936869638e-43,2.240327835083008,164
155,184.20000000000067,2.483660548712424e-43,14.838682174682617,180
156,113.30000000000015,1.7092202741053608e-43,17.125099182128906,81
157,120.60000000000028,1.0337181279888564e-43,5.823431968688965,109
158,82.70000000000019,7.016120393565214e-44,3.618600845336914,84
159,130.4000000000003,4.1849496100332323e-44,3.6668190956115723,112
160,109.20000000000033,2.3836753870282666e-44,2.750586748123169,122
161,250.70000000000084,8.559349837516404e-45,4.175107002258301,222
162,168.00000000000048,4.486754196791558e-45,3.1364781856536865,140
163,145.80000000000052,2.1446238699075107e-45,11.995287895202637,160
164,192.70000000000073,8.68238892694951e-46,4.277054786682129,196
165,169.50000000000034,4.877364565017074e-46,5.7845306396484375,125
166,248.90000000000043,1.6118087358883858e-46,3.5096418857574463,240
167,196.50000000000063,7.775702343195472e-47,3.8591339588165283,158
168,169.0000000000004,4.2684229781661334e-47,3.582882881164551,130
169,205.20000000000056,1.9303796082634226e-47,5.396130561828613,172
170,16.899999999999984,1.6425386453052067e-47,4.722675800323486,35
171,199.9000000000009,5.816990640240095e-48,2.9814939498901367,225
172,243.6000000000007,2.3988384108368544e-48,1.6011631488800049,192
173,183.8000000000006,1.0264379027433161e-48,24.802101135253906,184
174,171.6000000000003,6.352650141258819e-49,10.944717407226562,104
175,129.50000000000026,3.635092355428928e-49,6.84527587890625,121
176,196.00000000000054,1.7136550715558463e-49,3.326383352279663,163
177,165.7000000000004,8.078511952752202e-50,31.3049259185791,163
178,164.10000000000056,3.5373759512431406e-50,3.1556994915008545,179
179,277.7999999999995,1.0958690348597782e-50,4.755181312561035,254
180,214.60000000000065,4.798533185686957e-51,6.6406378746032715,179
181,128.60000000000036,2.6341246626040054e-51,4.22065544128418,130
182,138.0000000000004,1.400034447295262e-51,3.40022611618042,137
183,112.20000000000022,9.158082776592117e-52,7.700435638427734,92
184,168.90000000000035,5.004131969049987e-52,3.9795966148376465,131
185,117.50000000000031,2.6231326607335678e-52,8.85421371459961,140
186,186.90000000000043,1.2949844025431541e-52,5.348876953125,153
187,138.30000000000035,6.978753054113652e-53,5.967649936676025,134
188,167.60000000000053,3.5913257782281425e-53,9.985257148742676,144
189,215.5000000000011,1.028656780465374e-53,14.871359825134277,271
190,148.40000000000035,5.543496612167284e-54,3.7603237628936768,134
191,237.2000000000009,1.70158621586269e-54,11.13681411743164,256
192,149.10000000000042,9.470931098418969e-55,4.267986297607422,127
193,138.2000000000004,5.080451833735408e-55,10.333054542541504,135
194,209.40000000000097,1.7501018106597503e-55,22.080551147460938,231
195,218.30000000000064,5.704015595756348e-56,4.887159824371338,243
196,185.30000000000052,2.6155731635547216e-56,6.3343915939331055,169
197,129.6000000000003,1.5035954956786995e-56,11.314031600952148,120
198,147.3000000000003,7.70201492439678e-57,5.092834949493408,145
199,163.60000000000048,3.295611746994499e-57,10.762523651123047,184
200,136.80000000000044,1.657276047025751e-57,3.5479047298431396,149
201,145.4000000000006,7.77676870775144e-58,8.613258361816406,164
202,232.10000000000085,3.0064290687751103e-58,3.849111557006836,206
203,251.90000000000055,1.141006747443412e-58,10.054680824279785,210
204,178.40000000000035,6.06443868695994e-59,7.606332778930664,137
205,211.70000000000073,2.32292466088029e-59,3.1094789505004883,208
206,131.00000000000023,1.4244595389841155e-59,13.390055656433105,106
207,119.90000000000026,8.341204900158975e-60,24.333086013793945,116
208,157.0000000000005,4.1945714925230704e-60,4.333374977111816,149
209,202.50000000000068,1.6748071458658798e-60,8.098773002624512,199
210,84.30000000000005,1.2238207706245726e-60,2.2514002323150635,68
211,104.2000000000001,8.819824385990533e-61,4.786650657653809,71
212,211.00000000000088,3.2709885802725856e-61,6.170658111572266,215
213,242.80000000000075,1.3000276821394567e-61,6.504461765289307,200
214,168.80000000000027,7.070874965501227e-62,6.921798229217529,132
215,302.09999999999866,1.6608586241015047e-62,5.956122875213623,314
216,201.60000000000062,6.361758532503376e-63,9.44974422454834,208
217,178.50000000000048,3.3969035039893866e-63,4.911052703857422,136
218,168.8000000000004,1.847582192023307e-63,4.540421485900879,132
219,185.60000000000036,8.59015168177368e-64,4.5733256340026855,166
220,108.70000000000027,4.7812290640706245e-64,3.477966070175171,127
221,110.80000000000024,2.931936391687598e-64,5.300398826599121,106
222,200.40000000000083,1.0625649190248186e-64,7.741227626800537,220
223,273.0999999999999,2.650099617970356e-65,35.763614654541016,301
224,217.60000000000107,8.362847256492803e-66,6.197722911834717,250
225,160.60000000000028,4.965279872595536e-66,16.452394485473633,113
226,130.5000000000003,2.975367161407893e-66,18.2890567779541,111
227,228.4000000000009,9.697459078323011e-67,5.140501499176025,243
228,100.70000000000007,5.946657814890358e-67,5.101641654968262,106
229,73.10000000000011,4.130341965011542e-67,4.461055755615234,79
230,120.5000000000002,2.486488612064304e-67,3.0780463218688965,110
231,182.60000000000076,1.0066409077739208e-67,7.243409633636475,196
232,146.9000000000005,5.062131077580356e-68,14.42387866973877,149
233,156.60000000000045,2.4990656733549644e-68,7.293586730957031,153
234,184.70000000000067,1.1146590457712275e-68,2.4611940383911133,175
235,146.10000000000053,5.40221418486166e-69,2.1478655338287354,157
236,72.60000000000002,3.6666267221758327e-69,4.552360534667969,84
237,301.8999999999997,8.533337904086713e-70,28.53130340576172,316
238,289.30000000000007,2.819987802172066e-70,8.937421798706055,240
239,99.70000000000027,1.6512996985959654e-70,8.975007057189941,116
240,134.10000000000048,7.331395440847073e-71,5.826537132263184,176
241,145.80000000000055,3.5043340848525125e-71,6.310244560241699,160
242,217.00000000000048,1.714125127186307e-71,4.747673034667969,155
243,244.30000000000118,4.581458209214127e-72,8.781242370605469,286
244,159.50000000000043,2.5855524019317753e-72,14.639970779418945,124
245,148.20000000000047,1.380572992356899e-72,6.627409934997559,136
246,146.90000000000046,6.942536703512879e-73,5.906382083892822,149
247,113.10000000000014,4.733874246421012e-73,14.331426620483398,83
248,325.1999999999995,1.2711053808477205e-73,5.490397930145264,285
249,193.80000000000064,5.413892292882175e-74,7.0900492668151855,185
250,93.10000000000014,3.7257645669873e-74,3.2302398681640625,81
251,221.10000000000082,1.3817659873996472e-74,3.7761430740356445,215
252,181.0000000000007,5.195944273969111e-75,7.643337726593018,212
253,147.90000000000038,2.7362742109693935e-75,11.53625774383545,139
254,83.00000000000006,1.8830654452055172e-75,12.946765899658203,81
255,156.50000000000045,9.253500751387379e-76,7.827510833740234,154
256,192.30000000000067,3.677728258072779e-76,8.132929801940918,200
257,137.60000000000042,1.9189669943587522e-76,4.793678283691406,141
258,131.90000000000023,1.2266345344069036e-76,7.8864593505859375,97
259,140.80000000000032,7.418554377359468e-77,11.311283111572266,109
260,251.7000000000004,2.789647124742885e-77,7.419283866882324,212
261,177.80000000000047,1.4422145574283375e-77,46.98651885986328,143
262,132.10000000000022,9.304323924714584e-78,26.88988494873047,95
263,185.9000000000006,4.386243958058712e-78,9.091689109802246,163
264,168.80000000000044,2.3856863220464367e-78,6.263331413269043,132
265,111.00000000000023,1.4765072987116164e-78,10.938027381896973,104
266,268.1000000000003,4.6593739074906696e-79,12.489995956420898,250
267,112.00000000000011,3.019855359075323e-79,4.326093673706055,94
268,111.30000000000015,1.895043991585674e-79,7.8195672035217285,101
269,191.90000000000072,7.39398116134213e-80,13.662432670593262,204
270,144.20000000000053,3.2827596239534227e-80,4.751522541046143,176
271,90.60000000000018,2.0130477493662218e-80,5.846517562866211,106
272,112.50000000000027,1.3351523240476156e-80,7.202671051025391,89
273,242.20000000000076,5.161579197100755e-81,7.2028398513793945,206
274,93.2000000000001,3.568551956064069e-81,8.29869270324707,80
275,90.3000000000003,2.158222028804539e-81,7.158297538757324,109
276,214.10000000000065,9.234806658476563e-82,11.309355735778809,184
277,155.20000000000056,4.273869333024663e-82,5.422789096832275,167
278,184.30000000000067,1.8714192274291917e-82,8.346046447753906,179
279,172.30000000000075,7.506749498630285e-83,8.075006484985352,198
280,156.40000000000043,3.671883909332507e-83,5.091848373413086,155
281,213.90000000000123,9.768919212587164e-84,5.651018142700195,287
282,201.60000000000076,3.7418901435775876e-84,14.857401847839355,208
283,27.79999999999999,3.303641897859812e-84,5.833321571350098,27
284,187.7000000000009,1.061938727110541e-84,54.48942947387695,246
285,218.8000000000008,3.541889516275735e-85,6.938559532165527,238
286,183.3000000000006,1.4809777561704104e-85,6.733435153961182,189
287,120.00000000000014,8.71226024053916e-86,7.3895697593688965,115
288,73.1,6.05123334850299e-86,8.258650779724121,79
289,113.20000000000014,4.145205494642971e-86,3.352421760559082,82
290,189.00000000000102,1.4148153945353481e-86,6.747660160064697,233
291,17.29999999999998,1.2262730403407659e-86,48.35004806518555,31
292,157.30000000000044,6.252545892473824e-87,6.527216911315918,146
293,285.70000000000005,1.7500659602079503e-87,8.63680362701416,276
294,188.50000000000048,9.30158190352257e-88,9.683483123779297,137
295,109.0000000000002,5.249360865946489e-88,6.182418346405029,124
296,194.00000000000068,2.256533304750032e-88,4.1188812255859375,183
297,190.7000000000008,8.330234087780752e-89,8.206731796264648,216
298,258.70000000000044,2.715029769330403e-89,5.107405662536621,243
299,155.50000000000048,1.2740278596697924e-89,7.779253959655762,164
300,271.4,2.937811352299251e-90,5.673832893371582,318
301,238.50000000000097,9.575055387542193e-91,4.858604907989502,243
302,100.20000000000022,5.737703835385688e-91,3.136500358581543,111
303,361.59999999999656,8.038792822158336e-92,5.570724010467529,426
304,85.9000000000001,6.324147125101832e-92,4.4770965576171875,52
305,189.10000000000042,3.455621397808986e-92,15.698311805725098,131
306,27.49999999999998,3.0089653761628616e-92,5.873629093170166,30
307,212.50000000000077,1.1958887008052155e-92,7.544044017791748,200
308,94.00000000000011,8.578853440868542e-93,6.246772766113281,72
309,256.20000000000067,2.4914709925479486e-93,6.758301258087158,268
310,156.2000000000005,1.207495690110454e-93,8.569382667541504,157
311,219.5000000000009,4.1595520689591713e-94,39.60929870605469,231
312,166.00000000000043,1.9882245079510044e-94,21.145408630371094,160
313,129.60000000000036,1.142956142924419e-94,7.973080635070801,120
314,203.60000000000062,4.801166022285022e-95,7.811153888702393,188
315,73.80000000000004,3.444174999122242e-95,3.8940720558166504,72
316,110.30000000000021,2.0638685942135082e-95,17.25689125061035,111
317,186.30000000000052,9.910704614398989e-96,5.500777721405029,159
318,165.50000000000037,4.629192377445293e-96,2.5497989654541016,165
319,112.0000000000002,3.00029396368997e-96,8.876890182495117,94
320,325.1999999999978,5.055473083807188e-97,52.737457275390625,386
321,152.9000000000004,2.1041257731457894e-97,4.239772796630859,190
322,160.6000000000003,1.2492842485792098e-97,3.7536258697509766,113
323,100.40000000000016,7.555537424473936e-98,28.439443588256836,109
324,173.20000000000064,3.159212846741956e-98,38.8561897277832,189
325,111.30000000000024,1.9824947262347655e-98,4.17534875869751,101
326,131.60000000000025,1.2498239042475544e-98,8.118316650390625,100
327,110.70000000000029,7.628869534746542e-99,4.49345064163208,107
328,173.30000000000064,3.2046259539717523e-99,4.249778747558594,188
329,196.90000000000055,1.5747731311460957e-99,7.179322242736816,154
330,229.00000000000085,5.276636523580202e-100,7.589022636413574,237
331,83.3000000000001,3.681915967423926e-100,8.625423431396484,78
332,163.40000000000043,1.560983435177356e-100,4.173185348510742,186
333,26.599999999999973,1.3039370965104958e-100,6.529531478881836,39
334,210.80000000000078,4.791466618123057e-101,4.104017734527588,217
335,54.89999999999996,3.649674814226021e-101,6.334789752960205,59
336,183.20000000000078,1.5190220010885376e-101,5.502635478973389,190
337,283.70000000000005,3.876938848553438e-102,9.816669464111328,296
338,287.7999999999997,7.502325612847588e-103,17.196191787719727,356
339,130.4000000000003,4.474959505629961e-103,10.282598495483398,112
340,213.0000000000007,1.8200396216538774e-103,5.06050968170166,195
341,73.50000000000004,1.2876814282955491e-103,39.614646911621094,75
342,189.6000000000009,4.518392315964454e-104,52.43278121948242,227
343,165.1000000000005,2.071906271231263e-104,84.99429321289062,169
344,221.50000000000082,7.827151203818848e-105,5.932590007781982,211
345,148.30000000000038,4.198685881370633e-105,6.579469680786133,135
346,176.60000000000048,2.053763367348203e-105,6.8967671394348145,155
347,84.8000000000001,1.5357537285056235e-105,31.9368896484375,63
348,17.399999999999984,1.3372500234882137e-105,8.146480560302734,30
349,130.40000000000035,7.976379609230437e-106,3.497070074081421,112
350,130.30000000000027,4.735822132724544e-106,10.298164367675781,113
351,153.40000000000055,2.01708145769307e-106,9.405718803405762,185
352,169.1000000000004,1.1123844035882748e-106,9.210407257080078,129
353,186.5000000000005,5.3911900925054854e-107,5.767236709594727,157
354,185.20000000000059,2.4607482310304908e-107,32.0683479309082,170
355,103.20000000000013,1.693452339180034e-107,6.369712829589844,81
356,155.2000000000005,7.837298913797059e-108,5.48188591003418,167
357,246.60000000000105,2.3292234745694455e-108,6.24671745300293,263
358,148.70000000000036,1.2727272657926285e-108,3.5979361534118652,131
359,241.0000000000008,4.655255713422735e-109,4.308273792266846,218
360,146.9000000000004,2.341005063375916e-109,6.873378276824951,149
361,131.90000000000023,1.4964080489137795e-109,70.99528503417969,97
362,103.1000000000002,1.0250668763451175e-109,61.55253982543945,82
363,140.30000000000032,6.058123690774466e-110,43.69316101074219,114
364,171.30000000000067,2.3205057625898133e-110,8.478494644165039,208
365,217.00000000000105,7.122834008387797e-111,2.2132904529571533,256
366,190.70000000000076,2.6294703709169904e-111,11.826338768005371,216
367,183.20000000000073,1.0944052683993421e-111,14.15882682800293,190
368,157.30000000000044,5.580175817720401e-112,4.268372535705566,146
369,194.4000000000004,2.443417780001911e-112,5.99960994720459,179
370,139.60000000000036,1.3981644031547497e-112,8.87966537475586,121
371,163.10000000000068,5.846174396537163e-113,10.908026695251465,189
372,223.5000000000007,2.42202168957819e-113,6.988112449645996,191
373,120.20000000000022,1.438028840825185e-113,31.737077713012695,113
374,120.50000000000023,8.657012825624143e-114,8.770841598510742,110
375,91.70000000000009,5.584997817082298e-114,6.852046012878418,95
376,233.0000000000006,2.2506474784128518e-114,3.3752379417419434,197
377,92.60000000000016,1.513544214350904e-114,6.2313737869262695,86
378,147.50000000000048,7.824844511291009e-115,38.61359786987305,143
379,193.70000000000053,3.3174175546188853e-115,9.526673316955566,186
380,128.20000000000033,1.787777354352753e-115,11.581155776977539,134
381,174.50000000000045,7.937325220912776e-116,4.261897563934326,176
382,93.00000000000007,5.437212915716673e-116,6.170147895812988,82
383,83.50000000000009,3.8291316422812716e-116,6.338099479675293,76
384,118.80000000000013,2.1312726685691633e-116,66.16609954833984,127
385,210.90000000000077,7.867821049526675e-117,12.518373489379883,216
386,202.30000000000075,3.1126078865441218e-117,5.67867374420166,201
387,193.3000000000006,1.29549072207544e-117,6.609213829040527,190
388,266.80000000000047,3.850162452822799e-118,5.360013008117676,263
389,168.10000000000045,2.0275622047143453e-118,3.1489217281341553,139
390,204.4000000000006,8.837316354870819e-119,3.2389817237854004,180
391,121.00000000000028,5.444262129194432e-119,53.022037506103516,105
392,99.60000000000022,3.173321447952992e-119,9.466817855834961,117
393,203.0000000000007,1.29661019494498e-119,4.119610786437988,194
394,134.80000000000032,5.945598802381699e-120,4.302450656890869,169
395,112.0000000000002,3.853489495105552e-120,5.8993096351623535,94
396,131.4000000000003,2.4070421825580694e-120,8.007226943969727,102
397,192.50000000000074,9.655272550513234e-121,9.619824409484863,198
398,81.80000000000004,6.2867580804258585e-121,4.861454963684082,93
399,55.80000000000004,4.991661671033701e-121,4.797215461730957,50
400,66.90000000000012,2.60455186505239e-121,3.5727627277374268,141
401,129.8000000000002,1.511139012116873e-121,19.007673263549805,118
0,-10.8,0.9,N/A,9
1,-10.9,0.9,N/A,10
2,-12.0,0.9,N/A,21
3,-12.200000000000001,0.9,N/A,23
4,-10.9,0.8171283985950263,6.1587114334106445,10
5,13.900000000000013,0.43611494629938496,6.0601935386657715,65
6,-11.0,0.3921511971718194,5.57606315612793,11
7,-17.599999999999987,0.18638955245831254,3.2987473011016846,77
8,-13.400000000000002,0.13291954547924836,4.129022598266602,35
9,-1.4999999999999947,0.11278987069769215,4.898433208465576,17
10,-11.8,0.09387736887242153,0.8814113736152649,19
11,-16.599999999999994,0.04914520313661633,3.7516465187072754,67
12,-19.799999999999983,0.018886622661059508,0.29764890670776367,99
13,-180.29999999999177,1.020733072887901e-11,0.08362582325935364,2209
14,126.20000000000041,1.23508376043981e-13,0.07741530239582062,457
15,46.099999999999575,6.027398529532841e-16,0.6932782530784607,551
16,78.20000000000034,6.534753190175846e-17,1.0221343040466309,230
17,134.80000000000095,4.8141503604331105e-18,0.8261442184448242,270
18,110.80000000000123,9.261353472427259e-20,0.23833557963371277,409
19,107.80000000000052,3.537446871852921e-21,1.1685640811920166,338
20,65.70000000000033,8.069027345315625e-22,0.048762425780296326,153
21,42.69999999999989,5.2938179490556235e-23,0.3630540370941162,282
22,224.20000000000095,1.2717855418545328e-24,0.7868769764900208,386
23,169.00000000000037,1.3655825060299312e-25,1.1903047561645508,231
24,123.40000000000038,2.3538989267319446e-26,0.785201370716095,182
25,167.60000000000105,2.2077951999187383e-27,0.2806828022003174,245
26,153.6000000000005,3.7690632937111265e-28,0.6784634590148926,183
27,73.90000000000005,1.8983346462316344e-28,0.22376570105552673,71
28,97.1000000000003,4.815611700297354e-29,0.5463930368423462,142
29,210.00000000000085,2.0654256836279693e-30,0.1518213003873825,326
30,160.20000000000053,9.478382463617772e-32,0.18864646553993225,319
31,160.5000000000005,1.187850591660802e-32,0.3912562131881714,215
32,121.90000000000026,4.69916450684076e-33,0.2679581046104431,96
33,182.9000000000005,7.283549726401912e-34,1.187380313873291,193
34,138.30000000000027,1.996105726776083e-34,0.5932318568229675,134
35,46.59999999999997,1.3433200579692878e-34,1.325724482536316,41
36,225.80000000000112,9.992293480410521e-36,1.2670390605926514,269
37,197.70000000000087,9.192755597827104e-37,1.2669367790222168,247
38,83.40000000000006,4.369318808905504e-37,0.312537282705307,77
39,221.90000000000086,5.915658401170028e-38,0.18371492624282837,207
40,153.90000000000038,1.0395931162777834e-38,0.1621997207403183,180
41,206.60000000000085,8.517287005394574e-40,1.0539913177490234,259
42,179.30000000000035,2.4735064999362605e-40,0.8162350654602051,128
43,107.40000000000029,6.39708592115513e-41,0.2237454652786255,140
44,323.7999999999989,1.3424371991470341e-42,0.5476068258285522,400
45,52.39999999999993,5.9634207863981545e-43,1.1237577199935913,84
46,175.80000000000052,1.2350214794414973e-43,0.8982104063034058,163
47,150.30000000000055,1.532875488668737e-44,2.459376335144043,216
48,222.4000000000011,8.2102250890827e-46,0.5455713868141174,303
49,72.10000000000008,3.475205076363795e-46,0.6234838962554932,89
50,147.00000000000034,8.319319466929331e-47,2.4953880310058594,148
51,36.29999999999998,5.491529483870614e-47,1.8814464807510376,43
52,167.8000000000005,1.3930670067867684e-47,1.6158839464187622,142
53,151.30000000000032,5.0521222682713056e-48,0.39491990208625793,105
54,169.30000000000075,5.584233571126076e-49,0.5975680351257324,228
55,289.6000000000005,2.132941976211909e-50,2.0712075233459473,338
56,147.4000000000002,7.541066023500068e-52,1.25010347366333,346
57,225.10000000000113,5.2426622643154855e-53,2.397714376449585,276
58,166.20000000000041,1.1394808733389848e-53,2.076047897338867,158
59,157.60000000000042,2.862796688405074e-54,2.156911849975586,143
60,114.80000000000014,1.513233517580393e-54,1.2443573474884033,66
61,133.80000000000047,2.685106278449718e-55,1.9362432956695557,179
62,207.90000000000074,2.4942342209043723e-56,0.9873291850090027,246
63,160.4000000000004,3.095776522001933e-57,2.4238858222961426,216
64,181.4000000000004,1.1012375389989876e-57,2.9800355434417725,107
65,204.10000000000065,1.8799904928005252e-58,3.7862086296081543,183
66,176.90000000000055,4.329942556475147e-59,1.402414083480835,152
67,48.79999999999985,1.358487582506165e-59,2.8289198875427246,120
68,173.8000000000003,2.3191579012287092e-60,1.9217196702957153,183
69,331.79999999999893,1.0540464602831199e-61,1.993329405784607,320
70,164.90000000000055,2.0205846347223763e-62,1.8244298696517944,171
71,191.80000000000067,2.789053471595589e-63,4.588283061981201,205
72,146.60000000000048,6.4236714840812e-64,0.8896151781082153,152
73,285.5999999999993,4.422901217630891e-65,2.911194086074829,277
74,203.8000000000007,7.334934231161695e-66,1.1423559188842773,186
75,157.30000000000047,1.7901689862975928e-66,2.054802179336548,146
76,168.60000000000042,4.906078354202171e-67,1.9911091327667236,134
77,162.60000000000056,7.53115697935547e-68,0.9942046403884888,194
78,221.50000000000077,9.81002629619592e-69,1.691980242729187,211
79,212.30000000000075,1.3939128687454711e-69,3.2843382358551025,202
80,259.4000000000006,1.4261446796456693e-70,5.098700046539307,236
81,198.90000000000043,3.908445289983973e-71,1.6511262655258179,134
82,120.2000000000001,1.3120310680251825e-71,1.587544322013855,113
83,213.40000000000074,2.0732754284974175e-72,1.3606621026992798,191
84,72.3,8.946904792763609e-73,4.702610492706299,87
85,172.50000000000065,1.3471302705224298e-73,3.175950050354004,196
86,109.8000000000003,4.393028444562436e-74,1.50730562210083,116
87,83.90000000000006,2.1913317853969395e-74,2.6509792804718018,72
88,138.2000000000004,5.947759081275299e-75,7.253674030303955,135
89,137.60000000000025,1.5234467413618329e-75,1.9674683809280396,141
90,245.80000000000086,1.1115333988426154e-76,3.5727195739746094,271
91,223.10000000000073,1.689874748226604e-77,2.513140916824341,195
92,211.70000000000084,2.2659412695806734e-78,4.953618049621582,208
93,103.40000000000015,1.0563947364270623e-78,2.6926255226135254,79
94,146.90000000000038,2.5045999751946115e-79,3.9899709224700928,149
95,284.5999999999998,1.5657055254701875e-80,3.259787082672119,287
96,194.40000000000063,2.7782134665941066e-81,2.794428586959839,179
97,266.9000000000004,2.2111481264034873e-82,1.8262276649475098,262
98,56.30000000000001,1.4316370002898255e-82,3.098935127258301,45
99,252.40000000000055,1.9761172470123467e-83,4.238467216491699,205
0,-11.4,0.9,N/A,15
1,-10.8,0.9,N/A,9
2,-2.199999999999994,0.9,N/A,24
3,-11.1,0.9,N/A,12
4,-11.8,0.7802026640222423,3.7168920040130615,19
5,-14.000000000000002,0.5410563955486715,1.3353374004364014,41
6,-1.1999999999999957,0.4774873160476211,1.7024062871932983,14
7,-11.2,0.42516581330729397,0.5088627338409424,13
8,-13.700000000000003,0.30284821638003306,1.785922646522522,38
9,-14.899999999999999,0.19380518574611869,0.16676633059978485,50
10,-12.3,0.15642738047345692,1.739521861076355,24
0,-11.0,0.9,N/A,11
1,-10.6,0.9,N/A,7
2,-14.200000000000001,0.6787382967729563,3.9184322357177734,43
3,-11.700000000000001,0.5730311900022803,2.228177309036255,18
4,-12.700000000000001,0.4403595808948324,5.230205059051514,28
5,-1.6999999999999993,0.36829742699291723,0.04230131953954697,19
6,-3.79999999999999,0.25282022369262813,6.024952411651611,40
7,-12.3,0.20173427280208514,0.5650036931037903,24
8,-1.8000000000000007,0.16714225238484925,0.3970372676849365,20
9,-10.7,0.15502754714433,2.223940134048462,8
10,-12.4,0.1225440077630775,0.6213659644126892,25
11,-3.899999999999996,0.08333367495401453,0.7449612021446228,41
12,-7.29999999999996,0.015919091931074693,0.4086264371871948,176
13,-127.79999999999589,1.4074553499356002e-08,0.05263983830809593,1482
14,12.60000000000004,1.0109426321715207e-09,0.034144818782806396,280
15,-3.2999999999999687,1.0880761369968297e-10,0.11566608399152756,237
16,-63.100000000000946,6.322001423299588e-15,0.2837458550930023,1037
17,26.199999999999974,1.6317808967655304e-15,1.6952824592590332,144
0,-10.5,0.9,N/A,6
1,-10.4,0.9,N/A,5
2,-1.999999999999993,0.8963022705211549,7.8603057861328125,22
3,-3.7999999999999936,0.8254565907741042,3.1125054359436035,40
4,-11.8,0.7937945582365631,4.9978742599487305,19
5,-13.700000000000003,0.7340672911798475,0.1598867028951645,38
6,-11.6,0.7088229389928803,0.21080367267131805,17
7,-11.6,0.6844467324445989,3.1376395225524902,17
8,-11.3,0.6650029387393472,0.2646416425704956,14
9,-12.5,0.6303465749358037,0.9511139988899231,26
10,-10.7,0.6200509053531541,1.4489208459854126,8
11,-10.6,0.6111802347867337,0.3268497586250305,7
12,-11.2,0.5950414473855855,0.5517431497573853,13
13,-6.79999999999999,0.5151892203772619,0.49588319659233093,70
14,-10.4,0.5099137644049039,0.4043227434158325,5
15,-11.8,0.4903550057973947,2.8991382122039795,19
16,-1.1999999999999993,0.47642497863369015,3.652052164077759,14
17,-11.8,0.4581507491420447,0.270246684551239,19
18,-12.5,0.43427440497244996,0.24199500679969788,26
19,1.8000000000000043,0.36456392179474323,0.3800587058067322,85
20,-12.700000000000001,0.3441450343589195,0.6987032890319824,28
21,-1.0999999999999996,0.33505756191044034,1.0555613040924072,13
22,-1.4999999999999982,0.323535033666226,1.0974278450012207,17
23,-3.1000000000000014,0.3022867438802551,1.1788893938064575,33
24,8.899999999999995,0.29369936839984734,0.135553777217865,14
25,-2.6000000000000014,0.2772495389328891,0.718612551689148,28
26,19.799999999999972,0.22243962015263896,2.657033920288086,107
27,-12.4,0.21128174937015257,2.2775301933288574,25
28,14.200000000000017,0.18596601530677467,0.2931695282459259,62
29,23.299999999999926,0.16034858163455876,0.472981721162796,72
30,49.199999999999854,0.12628750321949744,1.4527205228805542,116
31,-3.999999999999991,0.11582761318326674,0.930959939956665,42
32,36.19999999999995,0.10579760203142224,3.872982978820801,44
33,194.70000000000084,0.05981857233356489,0.3921520709991455,277
34,166.7000000000005,0.043656916708235356,1.2574775218963623,153
35,103.5000000000002,0.030201318930196428,1.0997357368469238,179
36,18.599999999999987,0.02910273426835365,0.9084055423736572,18
37,127.80000000000041,0.021905890214434395,0.3994092643260956,138
38,168.80000000000098,0.013559928796622002,0.5297309756278992,233
39,121.20000000000024,0.010969194745687581,0.3604351580142975,103
40,30.799999999999933,0.008965244063986029,0.4551052451133728,98
41,47.29999999999994,0.006790023060089737,1.1037365198135376,135
42,216.10000000000062,0.0048445583936375805,0.5041182637214661,164
43,231.3000000000009,0.002533040713089872,1.4137507677078247,315
44,126.20000000000022,0.0018448675002305,0.5558444261550903,154
45,113.60000000000036,0.0012762566841534437,1.081482172012329,179
46,118.60000000000014,0.0009786134951482999,0.6345966458320618,129
47,216.20000000000076,0.000568320737590198,1.030077338218689,264
48,217.60000000000065,0.00033969714465204254,0.34682103991508484,250
49,157.50000000000037,0.00025255441835541004,0.48670899868011475,144
50,251.10000000000048,0.00013096852011188306,0.39732199907302856,319
51,255.00000000000068,7.359445954877951e-05,0.6967906951904297,280
52,201.20000000000078,4.756809482334753e-05,0.23565107583999634,212
53,177.90000000000086,2.884510974154665e-05,1.0869572162628174,243
54,163.4000000000002,1.5976893885263217e-05,0.6119105815887451,287
55,132.4000000000002,1.322037454702466e-05,3.104229688644409,92
56,200.8000000000009,6.8840453338299336e-06,1.8885924816131592,317
57,112.00000000000037,3.0403471154798004e-06,0.28883305191993713,397
58,238.9000000000008,1.5099444987599787e-06,0.5394599437713623,340
59,233.8000000000009,8.311877232790564e-07,1.3646485805511475,290
60,18.299999999999947,6.465920131456788e-07,0.16033849120140076,122
61,-0.6999999999999993,6.347230615801365e-07,1.0182682275772095,9
62,187.10000000000068,3.778284512540331e-07,2.100156545639038,252
63,-10.9,3.701302612829848e-07,1.5945124626159668,10
64,94.40000000000006,3.217823038009158e-07,3.7594566345214844,68
65,8.800000000000004,3.1199817974308644e-07,0.3946584463119507,15
66,131.1000000000006,2.0416755883207913e-07,0.37849634885787964,206
67,85.00000000000009,1.8007455241038637e-07,1.261633276939392,61
68,82.10000000000022,1.4962072866138655e-07,1.3283417224884033,90
69,253.7000000000004,8.185550308547706e-08,1.8019541501998901,293
70,176.20000000000056,5.900663654133547e-08,1.2085237503051758,159
71,242.6000000000008,3.893243448975746e-08,3.9038283824920654,202
72,83.70000000000003,3.343144018184921e-08,1.8710932731628418,74
73,91.10000000000014,2.7155664633152606e-08,3.9123196601867676,101
74,71.2,2.2194624746878455e-08,3.0267786979675293,98
75,107.10000000000005,1.65350262011092e-08,1.3194135427474976,143
76,222.40000000000077,1.0909769851229313e-08,2.8460049629211426,202
77,125.40000000000018,7.816035938312852e-09,0.9147108793258667,162
78,16.59999999999998,7.227936081783756e-09,2.003920793533325,38
79,17.599999999999977,6.823106079624724e-09,0.4445698857307434,28
80,145.30000000000047,4.858151597382335e-09,5.403787612915039,165
81,92.50000000000011,4.061556541507682e-09,3.684326410293579,87
82,7.600000000000001,3.8419731898338695e-09,2.194580078125,27
83,101.00000000000003,3.1079331432401644e-09,5.001243591308594,103
84,194.2000000000006,2.14119639915904e-09,0.7149651050567627,181
85,247.60000000000082,1.2719583130814444e-09,3.895768165588379,253
86,119.60000000000028,9.956028086849686e-10,1.370506763458252,119
87,147.20000000000036,7.371590040801204e-10,3.107646942138672,146
88,8.699999999999996,7.132751138732864e-10,0.4236157238483429,16
89,45.69999999999995,6.43512148880277e-10,2.033531904220581,50
90,100.70000000000029,5.173590720759552e-10,2.9518229961395264,106
91,155.60000000000056,3.698869602239853e-10,5.850421905517578,163
92,90.80000000000022,2.9860175279306154e-10,2.3444743156433105,104
93,80.19999999999996,2.385863823325031e-10,1.6876543760299683,109
94,118.70000000000033,1.8332125818010297e-10,1.7175822257995605,128
95,82.60000000000008,1.5389421081522117e-10,1.8795526027679443,85
96,234.300000000001,8.559146321930973e-11,2.5688934326171875,285
97,118.9000000000004,6.603674234135061e-11,2.726715564727783,126
98,118.70000000000036,5.0740275173209036e-11,3.9492359161376953,128
99,74.70000000000013,4.4568745832028796e-11,2.6925606727600098,63
0,-12.5,0.9,N/A,26
1,-11.4,0.9,N/A,15
2,-1.7999999999999972,0.9,N/A,20
3,-1.4999999999999982,0.9,N/A,17
4,-10.5,0.9,N/A,6
5,-10.9,0.9,N/A,10
6,-13.500000000000002,0.8857885406935558,6.83743953704834,36
7,-10.5,0.8580352971777185,7.0377373695373535,6
8,-10.9,0.8136987478758642,6.307715892791748,10
9,-2.8999999999999897,0.6902953987436735,6.810389041900635,31
10,-6.299999999999995,0.4889508307977548,4.5155558586120605,65
11,-10.9,0.463685678318419,4.884145259857178,10
12,-13.500000000000002,0.38306657614731104,4.04764986038208,36
13,-15.699999999999996,0.28160056649771226,2.592613697052002,58
14,7.900000000000006,0.14508238854593655,1.6477835178375244,125
15,6.9999999999999645,0.12178049262746199,1.517014741897583,33
16,-0.9999999999999982,0.11426886643167743,2.0171661376953125,12
17,-3.2999999999999936,0.09490359138271755,2.036479949951172,35
18,43.09999999999986,0.03710632876572886,1.5509111881256104,177
19,49.499999999999815,0.011922292044120602,0.4879324734210968,214
20,53.999999999999794,0.0028460274800921753,0.712153434753418,270
21,-27.99999999999997,0.0006374830105089967,0.31976982951164246,282
22,64.10000000000043,0.0002600561690237484,0.8619487285614014,169
23,68.90000000000025,0.00013685634455349685,0.4904784560203552,121
24,72.40000000000012,2.9694058366583922e-05,0.3762533664703369,288
25,21.19999999999998,1.812940497645395e-05,0.29691222310066223,93
26,60.09999999999994,1.0221986043722985e-05,0.4254704713821411,108
27,11.100000000001382,5.074399620177033e-08,0.16880813241004944,1000
28,95.40000000000038,2.1828541443634812e-08,0.8780392408370972,159
29,124.90000000000043,8.999773187631397e-09,0.36350661516189575,167
30,256.70000000000005,2.2296667219738114e-09,0.8578640818595886,263
31,133.80000000000055,8.625752474365697e-10,0.8828881978988647,179
32,183.20000000000076,3.147809009396777e-10,0.5281322002410889,190
33,212.300000000001,6.307405273193398e-11,0.8996450304985046,303
34,72.8000000000001,4.0823514100905437e-11,0.18994709849357605,82
35,161.90000000000077,1.4053228637308411e-11,1.4212793111801147,201
36,99.80000000000037,7.634819797336385e-12,0.41101619601249695,115
37,102.20000000000053,2.7567784954682553e-12,0.4037138819694519,192
38,148.40000000000032,1.3540842591752423e-12,1.5976643562316895,134
39,188.30000000000086,2.2178405972578886e-13,0.8579335808753967,341
40,119.80000000000035,1.192187891612447e-13,1.8745791912078857,117
41,123.40000000000038,4.539304266577427e-14,0.4545794129371643,182
42,190.3000000000009,1.4127852702223377e-14,0.3865005373954773,220
43,143.00000000000023,5.210697267421432e-15,0.9116777181625366,188
44,190.30000000000075,1.6217455175242794e-15,0.6438308954238892,220
45,262.4999999999994,3.1982515363305043e-16,0.4558142125606537,306
46,144.9000000000006,1.304701503257852e-16,1.4401991367340088,169
47,166.60000000000025,5.763309832265796e-17,0.3824051022529602,154
48,108.80000000000032,2.953581708633561e-17,1.1086833477020264,126
49,169.5000000000007,8.904528949271684e-18,1.2079977989196777,226
50,84.40000000000012,6.2406935752755885e-18,1.28822660446167,67
51,236.90000000000092,1.5792753209166249e-18,1.5821329355239868,259
52,44.79999999999995,1.154816451815717e-18,1.7567174434661865,59
53,113.50000000000014,7.594253036713479e-19,1.8138983249664307,79
54,107.40000000000023,3.613299633690939e-19,1.6063542366027832,140
55,129.80000000000024,1.9320315054308582e-19,1.1887385845184326,118
56,170.50000000000057,6.142111140823386e-20,1.4783979654312134,216
57,152.40000000000072,2.182771628496915e-20,0.6607744097709656,195
58,274.0000000000009,4.6365646507976194e-21,1.1874347925186157,292
59,201.70000000000076,1.5460984399188021e-21,1.5849798917770386,207
60,131.20000000000022,8.904416745381316e-22,1.1716816425323486,104
61,111.20000000000023,5.183010810591141e-22,2.4211020469665527,102
62,194.3000000000007,1.9945044218225738e-22,1.773138165473938,180
63,137.70000000000047,9.489731329633544e-23,2.3894288539886475,140
64,275.3000000000003,2.159712264893696e-23,2.382232427597046,279
65,186.50000000000048,9.389538513200227e-24,1.1189825534820557,157
66,74.80000000000008,6.757513302956913e-24,1.7069225311279297,62
67,102.00000000000014,4.125730938851617e-24,1.545715093612671,93
68,140.10000000000025,2.229561365637463e-24,2.090714693069458,116
69,176.90000000000035,9.953791428561343e-25,1.0653077363967896,152
70,94.00000000000011,6.793439183218991e-25,2.517564296722412,72
71,163.40000000000063,2.5323147050141833e-25,2.54628849029541,186
72,177.90000000000035,1.1921428247364822e-25,1.3004441261291504,142
73,240.20000000000078,3.594100770431582e-26,1.0891611576080322,226
74,204.10000000000053,1.3612274129823332e-26,2.742375373840332,183
75,37.39999999999998,1.1486768452473951e-26,2.894780397415161,32
76,267.0,1.6830435085324127e-27,2.5051164627075195,362
77,192.00000000000077,5.732614894159855e-28,4.741518974304199,203
78,175.6000000000004,2.3887346855857445e-28,4.52340841293335,165
79,211.1000000000008,7.675022963677565e-29,1.482285737991333,214
80,73.20000000000007,5.074063937209849e-29,2.0155372619628906,78
81,205.00000000000057,2.0157363514727465e-29,3.0409841537475586,174
82,102.30000000000014,1.2504322678447296e-29,2.987541675567627,90
83,177.50000000000045,5.7630738137162215e-30,4.456778049468994,146
84,145.60000000000056,2.439954804845286e-30,4.320946216583252,162
85,204.70000000000053,9.539972496614753e-31,2.6505913734436035,177
86,92.20000000000019,5.9179810074877365e-31,4.899867534637451,90
87,111.80000000000022,3.5561093559626615e-31,3.400646686553955,96
88,151.10000000000028,2.0157236515211597e-31,2.9184365272521973,107
89,146.90000000000055,9.143501691925727e-32,2.412177801132202,149
90,156.10000000000034,3.954182884755638e-32,2.7601349353790283,158
91,131.00000000000026,2.2532884287941846e-32,3.054292678833008,106
92,184.0000000000007,8.579488057726384e-33,1.8039442300796509,182
93,111.3000000000003,5.0204443989396375e-33,5.623919486999512,101
94,170.2000000000003,2.684431885906785e-33,4.7210564613342285,118
95,54.799999999999955,1.952555340204367e-33,5.784836292266846,60
96,164.00000000000065,7.51374134110038e-34,2.075366497039795,180
97,277.4,1.9115487625293281e-34,3.4513821601867676,258
98,167.30000000000047,8.763452565862967e-35,1.3879175186157227,147
99,92.90000000000009,5.641969564242709e-35,3.746094226837158,83
