Game,Score
0,0
1,0
2,0
3,0
4,0
5,0
6,0
7,0
8,0
9,0
10,0
11,0
12,0
13,0
14,0
15,0
16,0
17,0
18,0
19,0
20,0
21,0
22,0
23,0
24,0
25,0
26,0
27,0
28,0
29,0
30,0
31,0
32,0
33,0
34,0
35,0
36,0
37,0
38,0
39,0
40,0
41,0
42,0
43,0
44,0
45,0
46,0
47,0
48,0
49,0
50,0
51,0
52,0
53,0
54,0
55,0
56,0
57,0
58,0
59,0
60,0
61,0
62,0
63,0
64,0
65,0
66,0
67,0
68,0
69,0
70,0
71,0
72,0
73,0
74,0
75,0
76,0
77,0
78,0
79,0
80,0
81,0
82,0
83,0
84,0
85,0
86,0
87,0
88,0
89,0
90,0
91,0
92,0
93,0
94,0
95,0
96,0
97,0
98,0
99,0
100,0
101,0
102,0
103,0
104,0
105,0
106,0
107,0
108,0
109,0
110,0
111,0
112,1
113,0
114,0
115,0
116,0
117,1
118,0
119,0
120,0
121,0
122,0
123,0
124,0
125,0
126,0
127,0
128,0
129,0
130,0
131,0
132,0
133,0
134,0
135,0
136,0
137,0
138,0
139,0
140,0
141,0
142,0
143,0
144,0
145,0
146,0
147,0
148,0
149,0
150,0
151,0
152,0
153,0
154,0
155,0
156,0
157,0
158,0
159,0
160,0
161,0
162,0
163,0
164,0
165,0
166,0
167,0
168,1
169,0
170,0
171,0
172,0
173,0
174,0
175,0
176,0
177,0
178,0
179,0
180,0
181,0
182,0
183,0
184,0
185,0
186,0
187,0
188,1
189,0
190,0
191,0
192,0
193,0
194,0
195,0
196,0
197,0
198,0
199,0
200,0
201,0
202,0
203,0
204,0
205,0
206,0
207,0
208,0
209,0
210,1
211,0
212,0
213,0
214,0
215,0
216,0
217,0
218,0
219,0
220,0
221,0
222,0
223,0
224,0
225,0
226,0
227,0
228,0
229,0
230,0
231,0
232,0
233,0
234,0
235,0
236,0
237,0
238,0
239,0
240,0
241,0
242,0
243,0
244,0
245,0
246,0
247,0
248,0
249,0
250,0
251,0
252,0
253,1
254,1
255,0
256,0
257,0
258,0
259,0
260,0
261,0
262,0
263,1
264,0
265,0
266,0
267,0
268,0
269,0
270,0
271,0
272,0
273,0
274,0
275,0
276,0
277,0
278,0
279,0
280,0
281,0
282,0
283,1
284,0
285,0
286,0
287,0
288,0
289,0
290,1
291,0
292,0
293,0
294,0
295,0
296,0
297,0
298,0
299,0
300,0
301,0
302,0
303,0
304,0
305,0
306,0
307,0
308,0
309,0
310,0
311,0
312,0
313,0
314,1
315,0
316,0
317,0
318,0
319,0
320,0
321,0
322,0
323,0
324,0
325,0
326,0
327,0
328,0
329,0
330,1
331,0
332,0
333,0
334,0
335,0
336,0
337,0
338,0
339,0
340,1
341,0
342,0
343,0
344,0
345,0
346,0
347,0
348,0
349,0
350,0
351,0
352,0
353,0
354,0
355,0
356,0
357,0
358,0
359,0
360,0
361,0
362,0
363,0
364,0
365,0
366,0
367,0
368,0
369,0
370,0
371,0
372,0
373,0
374,0
375,0
376,0
377,0
378,0
379,0
380,0
381,0
382,0
383,0
384,0
385,0
386,0
387,0
388,0
389,0
390,0
391,0
392,0
393,0
394,0
395,0
396,0
397,0
398,0
399,0
400,0
401,0
402,0
403,0
404,0
405,0
406,0
407,0
408,0
409,0
410,0
411,0
412,0
413,0
414,0
415,0
416,0
417,0
418,0
419,0
420,0
421,0
422,0
423,0
424,0
425,0
426,0
427,0
428,0
429,0
430,0
431,0
432,0
433,0
434,0
435,0
436,0
437,0
438,0
439,0
440,0
441,0
442,0
443,1
444,0
445,0
446,0
447,0
448,0
449,0
450,0
451,0
452,1
453,0
454,0
455,0
456,0
457,0
458,0
459,0
460,0
461,0
462,0
463,0
464,0
465,0
466,1
467,0
468,0
469,0
470,0
471,0
472,0
473,0
474,0
475,0
476,0
477,0
478,0
479,0
480,0
481,0
482,0
483,0
484,0
485,1
486,0
487,0
488,0
489,0
490,0
491,0
492,0
493,0
494,0
495,0
496,0
497,0
498,0
499,0
500,0
501,0
502,0
503,0
504,1
505,0
506,0
507,0
508,0
509,0
510,0
511,0
512,0
513,0
514,0
515,0
516,1
517,0
518,0
519,0
520,0
521,0
522,0
523,0
524,0
525,0
526,0
527,0
528,0
529,0
530,0
531,0
532,0
533,0
534,0
535,0
536,0
537,0
538,0
539,0
540,0
541,0
542,0
543,0
544,0
545,0
546,0
547,0
548,0
549,0
550,0
551,0
552,0
553,0
554,0
555,0
556,0
557,0
558,0
559,0
560,0
561,0
562,0
563,0
564,0
565,0
566,0
567,0
568,0
569,0
570,0
571,0
572,1
573,0
574,0
575,0
576,0
577,0
578,0
579,0
580,0
581,0
582,0
583,0
584,0
585,0
586,0
587,0
588,0
589,0
590,0
591,0
592,0
593,0
594,0
595,0
596,0
597,0
598,0
599,0
600,0
601,0
602,0
603,0
604,0
605,0
606,0
607,0
608,0
609,0
610,0
611,0
612,0
613,0
614,0
615,0
616,0
617,0
618,0
619,0
620,0
621,0
622,0
623,1
624,0
625,0
626,0
627,0
628,0
629,0
630,0
631,0
632,0
633,0
634,0
635,0
636,0
637,0
638,0
639,0
640,0
641,0
642,0
643,0
644,0
645,0
646,0
647,0
648,0
649,0
650,0
651,0
652,0
653,0
654,1
655,0
656,0
657,0
658,0
659,0
660,0
661,1
662,0
663,0
664,0
665,0
666,0
667,0
668,1
669,1
670,0
671,4
672,2
673,0
674,0
675,0
676,0
677,0
678,0
679,0
680,0
681,0
682,0
683,0
684,0
685,1
686,0
687,0
688,0
689,0
690,2
691,0
692,1
693,0
694,0
695,0
696,0
697,0
698,0
699,0
700,0
701,0
702,0
703,0
704,0
705,0
706,0
707,0
708,0
709,0
710,0
711,0
712,0
713,0
714,0
715,0
716,0
717,0
718,0
719,0
720,0
721,0
722,0
723,1
724,0
725,0
726,0
727,0
728,1
729,1
730,8
731,0
732,4
733,0
734,6
735,2
736,5
737,0
738,1
739,0
740,0
741,1
742,2
743,2
744,2
745,8
746,2
747,0
748,3
749,1
750,11
751,6
752,10
753,2
754,0
755,2
756,4
757,11
758,10
759,8
760,0
761,18
762,4
763,0
764,2
765,3
766,14
767,10
768,0
769,2
770,0
771,0
772,5
773,10
774,12
775,17
776,0
777,1
778,7
779,20
780,9
781,9
782,1
783,1
784,8
785,8
786,5
787,2
788,12
789,1
790,17
791,14
792,11
793,9
794,2
795,1
796,11
797,22
798,8
799,0
800,1
801,0
802,7
803,14
804,6
805,7
806,0
807,6
808,12
809,14
810,12
811,2
812,6
813,8
814,9
815,7
816,1
817,3
818,8
819,8
820,13
821,0
822,3
823,1
824,14
825,24
826,14
827,29
828,24
829,7
830,6
831,25
832,3
833,5
834,5
835,5
836,19
837,0
838,14
839,17
840,6
841,6
842,22
843,3
844,1
845,0
846,1
847,9
848,1
849,2
850,26
851,10
852,0
853,2
854,16
855,2
856,9
857,5
858,11
859,9
860,19
861,11
862,4
863,1
864,11
865,5
866,15
867,1
868,15
869,0
870,12
871,26
872,4
873,35
874,3
875,14
876,7
877,8
878,4
879,13
880,11
881,5
882,6
883,5
884,8
885,20
886,20
887,11
888,12
889,17
890,4
891,19
892,41
893,9
894,8
895,19
896,1
897,9
898,4
899,25
900,12
901,13
902,7
903,25
904,8
905,10
906,18
907,4
908,5
909,7
910,5
911,36
912,12
913,0
914,8
915,41
916,25
917,17
918,31
919,7
920,12
921,8
922,19
923,25
924,6
925,21
926,10
927,11
928,2
929,13
930,2
931,11
932,11
933,4
934,26
935,13
936,18
937,7
938,12
939,7
940,7
941,9
942,36
943,31
944,12
945,20
946,22
947,14
948,19
949,25
950,11
951,25
952,2
953,21
954,22
955,7
956,21
957,3
958,12
959,49
960,1
961,11
962,22
963,0
964,8
965,20
966,41
967,28
968,30
969,14
970,0
971,4
972,34
973,2
974,39
975,4
976,20
977,24
978,1
979,33
980,12
981,1
982,6
983,2
984,42
985,15
986,16
987,12
988,29
989,18
990,23
991,11
992,43
993,18
994,10
995,12
996,7
997,3
998,9
999,13
1000,11
1001,13
1002,3
1003,23
1004,12
1005,5
1006,15
1007,24
1008,1
1009,5
1010,48
1011,47
1012,1
1013,11
1014,46
1015,58
1016,27
1017,20
1018,40
1019,8
1020,5
1021,36
1022,27
1023,17
1024,9
1025,41
1026,2
1027,32
1028,13
1029,23
1030,1
1031,3
1032,9
1033,56
1034,20
1035,5
1036,27
1037,32
1038,18
1039,24
1040,4
1041,24
1042,42
1043,25
1044,26
1045,3
1046,2
1047,20
1048,4
1049,0
1050,19
1051,10
1052,16
1053,29
1054,47
1055,1
1056,34
1057,25
1058,34
1059,5
1060,49
1061,31
1062,37
1063,6
1064,3
1065,14
1066,21
1067,21
1068,13
1069,17
1070,27
1071,6
1072,14
1073,13
1074,34
1075,30
1076,44
1077,13
1078,19
1079,30
1080,46
1081,1
1082,31
1083,24
1084,9
1085,71
1086,17
1087,6
1088,8
1089,33
1090,2
1091,21
1092,35
1093,19
1094,12
1095,19
1096,31
1097,6
1098,56
1099,4
1100,2
1101,44
1102,59
1103,46
1104,30
1105,11
1106,32
1107,29
1108,3
1109,0
1110,42
1111,30
1112,21
1113,53
1114,24
1115,6
1116,4
1117,31
1118,27
1119,36
1120,36
1121,3
1122,47
1123,59
1124,22
1125,67
1126,15
1127,41
1128,12
1129,13
1130,2
1131,27
1132,60
1133,56
1134,44
1135,8
1136,18
1137,38
1138,30
1139,23
1140,53
1141,43
1142,1
1143,13
1144,55
1145,0
1146,44
1147,18
1148,4
1149,31
1150,52
1151,18
1152,25
1153,57
1154,37
1155,55
1156,11
1157,37
1158,49
1159,42
1160,21
1161,13
1162,20
1163,52
1164,3
1165,16
1166,9
1167,27
1168,21
1169,70
1170,28
1171,74
1172,24
1173,43
1174,27
1175,16
1176,6
1177,52
1178,13
1179,41
1180,1
1181,32
1182,36
1183,20
1184,37
1185,57
1186,31
1187,48
1188,23
1189,28
1190,48
1191,55
1192,21
1193,11
1194,53
1195,21
1196,63
1197,53
1198,57
1199,4
1200,58
1201,56
1202,17
1203,24
1204,24
1205,61
1206,61
1207,76
1208,36
1209,31
1210,50
1211,70
1212,56
1213,50
1214,6
1215,58
1216,28
1217,34
1218,14
1219,46
1220,27
1221,42
1222,53
1223,33
1224,38
1225,18
1226,55
1227,2
1228,37
1229,59
1230,25
1231,14
1232,5
1233,29
1234,7
1235,49
1236,52
1237,26
1238,45
1239,12
1240,50
1241,49
1242,50
1243,58
1244,38
1245,4
1246,26
1247,24
1248,19
1249,57
1250,56
1251,46
1252,60
1253,61
1254,15
1255,33
1256,29
1257,67
1258,37
1259,32
1260,7
1261,2
1262,26
1263,31
1264,36
1265,56
1266,0
1267,29
1268,30
1269,56
1270,65
1271,40
1272,8
1273,56
1274,56
1275,36
1276,40
1277,4
1278,71
1279,20
1280,20
1281,27
1282,59
1283,42
1284,48
1285,56
1286,61
1287,41
1288,56
1289,58
1290,80
1291,35
1292,62
1293,77
1294,56
1295,22
1296,45
1297,44
1298,65
1299,8
1300,11
1301,9
1302,22
1303,56
1304,57
1305,21
1306,39
1307,41
1308,8
1309,30
1310,2
1311,57
1312,35
1313,37
1314,12
1315,19
1316,1
1317,58
1318,16
1319,41
1320,17
1321,38
1322,20
1323,6
1324,33
1325,58
1326,25
1327,35
1328,49
1329,4
1330,41
1331,74
1332,59
1333,33
1334,57
1335,14
1336,57
1337,66
1338,78
1339,50
1340,46
1341,23
1342,63
1343,59
1344,14
1345,57
1346,56
1347,49
1348,41
1349,59
1350,62
1351,21
1352,11
1353,35
1354,57
1355,57
1356,79
1357,45
1358,17
1359,66
1360,37
1361,26
1362,61
1363,15
1364,77
1365,24
1366,78
1367,49
1368,62
1369,60
1370,10
1371,7
1372,58
1373,58
1374,38
1375,20
1376,58
1377,61
1378,47
1379,36
1380,45
1381,39
1382,56
1383,67
1384,56
1385,77
1386,55
1387,44
1388,59
1389,14
1390,56
1391,56
1392,56
1393,50
1394,76
1395,56
1396,49
1397,54
1398,18
1399,44
1400,46
1401,50
1402,65
1403,51
1404,56
1405,70
1406,58
1407,53
1408,41
1409,23
1410,60
1411,50
1412,46
1413,85
1414,42
1415,35
1416,74
1417,56
1418,76
1419,19
1420,34
1421,27
1422,9
1423,6
1424,57
1425,56
1426,41
1427,42
1428,61
1429,56
1430,56
1431,57
1432,54
1433,30
1434,56
1435,8
1436,54
1437,23
1438,58
1439,16
1440,58
1441,65
1442,15
1443,64
1444,17
1445,57
1446,42
1447,36
1448,62
1449,44
1450,77
1451,26
1452,56
1453,58
1454,37
1455,57
1456,28
1457,44
1458,56
1459,31
1460,56
1461,56
1462,85
1463,43
1464,59
1465,80
1466,52
1467,58
1468,58
1469,60
1470,57
1471,57
1472,22
1473,58
1474,56
1475,10
1476,56
1477,80
1478,62
1479,61
1480,56
1481,19
1482,38
1483,51
1484,57
1485,60
1486,64
1487,56
1488,56
1489,49
1490,49
1491,4
1492,57
1493,57
1494,43
1495,78
1496,48
1497,60
1498,77
1499,58
1500,45
1501,76
1502,35
1503,49
1504,56
1505,41
1506,78
1507,50
1508,46
1509,59
1510,74
1511,76
1512,61
1513,57
1514,57
1515,61
1516,57
1517,34
1518,36
1519,69
1520,57
1521,36
1522,57
1523,59
1524,34
1525,58
1526,76
1527,57
1528,56
1529,61
1530,57
1531,56
1532,43
1533,77
1534,80
1535,59
1536,58
1537,25
1538,66
1539,76
1540,74
1541,79
1542,38
1543,56
1544,25
1545,57
1546,75
1547,81
1548,78
1549,77
1550,45
1551,59
1552,72
1553,63
1554,28
1555,37
1556,33
1557,49
1558,52
1559,58
1560,58
1561,66
1562,22
1563,49
1564,28
1565,56
1566,57
1567,57
1568,73
1569,56
1570,51
1571,58
1572,29
1573,56
1574,44
1575,15
1576,76
1577,31
1578,50
1579,57
1580,71
1581,58
1582,56
1583,79
1584,61
1585,57
1586,31
1587,42
1588,23
1589,25
1590,57
1591,60
1592,28
1593,58
1594,59
1595,56
1596,42
1597,58
1598,56
1599,60
1600,8
1601,56
1602,25
1603,57
1604,40
1605,69
1606,66
1607,59
1608,58
1609,65
1610,29
1611,45
1612,17
1613,67
1614,56
1615,56
1616,62
1617,64
1618,76
1619,70
1620,41
1621,23
1622,66
1623,51
1624,76
1625,58
1626,70
1627,79
1628,71
1629,29
1630,71
1631,66
1632,69
1633,56
1634,56
1635,44
1636,56
1637,55
1638,57
1639,30
1640,37
1641,39
1642,63
1643,42
1644,58
1645,38
1646,16
1647,77
1648,51
1649,25
1650,74
1651,57
1652,57
1653,67
1654,26
1655,58
1656,56
1657,76
1658,78
1659,56
1660,79
1661,58
1662,77
1663,77
1664,63
1665,62
1666,69
1667,56
1668,60
1669,59
1670,57
1671,56
1672,59
1673,28
1674,61
1675,76
1676,56
1677,77
1678,52
1679,76
1680,48
1681,77
1682,13
1683,74
1684,72
1685,71
1686,74
1687,76
1688,59
1689,61
1690,73
1691,59
1692,56
1693,76
1694,83
1695,41
1696,48
1697,56
1698,79
1699,77
1700,56
1701,65
1702,44
1703,53
1704,71
1705,59
1706,66
1707,56
1708,56
1709,43
1710,69
1711,59
1712,78
1713,8
1714,76
1715,59
1716,61
1717,35
1718,52
1719,39
1720,78
1721,56
1722,56
1723,57
1724,52
1725,59
1726,44
1727,76
1728,57
1729,36
1730,80
1731,21
1732,57
1733,76
1734,57
1735,57
1736,60
1737,76
1738,50
1739,78
1740,56
1741,78
1742,63
1743,59
1744,56
1745,57
1746,69
1747,76
1748,79
1749,58
1750,42
1751,64
1752,52
1753,56
1754,78
1755,56
1756,56
1757,57
1758,76
1759,48
1760,8
1761,39
1762,25
1763,57
1764,56
1765,56
1766,66
1767,57
1768,44
1769,60
1770,33
1771,48
1772,70
1773,7
1774,41
1775,59
1776,78
1777,65
1778,70
1779,82
1780,57
1781,76
1782,59
1783,59
1784,58
1785,59
1786,59
1787,21
1788,67
1789,63
1790,62
1791,61
1792,56
1793,33
1794,77
1795,43
1796,76
1797,29
1798,57
1799,58
1800,46
1801,57
1802,79
1803,76
1804,56
1805,57
1806,63
1807,22
1808,57
1809,76
1810,57
1811,76
1812,71
1813,70
1814,56
1815,31
1816,76
1817,57
1818,74
1819,25
1820,77
1821,33
1822,52
1823,59
1824,56
1825,56
1826,58
1827,63
1828,72
1829,72
1830,80
1831,56
1832,84
1833,57
1834,76
1835,56
1836,56
1837,56
1838,58
1839,56
1840,57
1841,57
1842,61
1843,9
1844,74
1845,40
1846,56
1847,70
1848,56
1849,77
1850,76
1851,60
1852,56
1853,65
1854,43
1855,63
1856,68
1857,67
1858,57
1859,30
1860,41
1861,57
1862,61
1863,49
1864,61
1865,57
1866,29
1867,59
1868,63
1869,57
1870,69
1871,57
1872,77
1873,58
1874,52
1875,56
1876,46
1877,57
1878,34
1879,30
1880,33
1881,62
1882,47
1883,66
1884,65
1885,58
1886,42
1887,77
1888,56
1889,85
1890,61
1891,56
1892,57
1893,56
1894,82
1895,58
1896,76
1897,77
1898,67
1899,78
1900,76
1901,12
1902,28
1903,56
1904,43
1905,58
1906,58
1907,32
1908,58
1909,64
1910,29
1911,64
1912,77
1913,60
1914,49
1915,58
1916,57
1917,57
1918,56
1919,58
1920,70
1921,58
1922,58
1923,58
1924,47
1925,77
1926,56
1927,58
1928,66
1929,59
1930,57
1931,56
1932,66
1933,60
1934,56
1935,63
1936,58
1937,58
1938,56
1939,78
1940,35
1941,58
1942,76
1943,25
1944,57
1945,58
1946,56
1947,47
1948,67
1949,4
1950,49
1951,76
1952,57
1953,27
1954,58
1955,76
1956,48
1957,63
1958,60
1959,52
1960,76
1961,56
1962,49
1963,60
1964,56
1965,46
1966,76
1967,57
1968,66
1969,56
1970,39
1971,72
1972,14
1973,80
1974,56
1975,48
1976,57
1977,76
1978,59
1979,58
1980,56
1981,71
1982,58
1983,56
1984,81
1985,59
1986,60
1987,63
1988,75
1989,49
1990,76
1991,57
1992,16
1993,46
1994,41
1995,56
1996,57
1997,54
1998,34
1999,76
2000,56
2001,58
2002,58
2003,14
2004,56
2005,21
2006,65
2007,40
2008,76
2009,58
2010,56
2011,56
2012,57
2013,74
2014,76
2015,62
2016,50
2017,58
2018,56
2019,59
2020,50
2021,60
2022,45
2023,76
2024,57
2025,56
2026,76
2027,72
2028,16
2029,53
2030,57
2031,62
2032,56
2033,57
2034,57
2035,64
2036,57
2037,57
2038,75
2039,28
2040,68
2041,56
2042,56
2043,78
2044,57
2045,21
2046,56
2047,46
2048,63
2049,81
2050,64
2051,82
2052,22
2053,75
2054,61
2055,40
2056,56
2057,35
2058,56
2059,60
2060,44
2061,76
2062,35
2063,56
2064,25
2065,51
2066,65
2067,16
2068,62
2069,81
2070,62
2071,52
2072,31
2073,14
2074,56
2075,51
2076,56
2077,56
2078,59
2079,58
2080,25
2081,48
2082,23
2083,49
2084,57
2085,56
2086,8
2087,66
2088,60
2089,67
2090,46
2091,76
2092,68
2093,56
2094,4
2095,79
2096,56
2097,70
2098,78
2099,68
2100,57
2101,56
2102,56
2103,57
2104,57
2105,57
2106,56
2107,64
2108,54
2109,58
2110,59
2111,26
2112,32
2113,76
2114,18
2115,32
2116,56
2117,40
2118,59
2119,61
2120,57
2121,57
2122,53
2123,57
2124,63
2125,68
2126,56
2127,53
2128,67
2129,57
2130,56
2131,57
2132,58
2133,66
2134,57
2135,76
2136,58
2137,57
2138,57
2139,58
2140,65
2141,57
2142,78
2143,74
2144,76
2145,59
2146,65
2147,56
2148,30
2149,62
2150,56
2151,42
2152,41
2153,76
2154,54
2155,58
2156,80
2157,79
2158,56
2159,56
2160,61
2161,56
2162,46
2163,78
2164,19
2165,52
2166,56
2167,66
2168,42
2169,50
2170,49
2171,36
2172,56
2173,35
2174,70
2175,79
2176,30
2177,56
2178,63
2179,56
2180,68
2181,18
2182,80
2183,56
2184,63
2185,76
2186,57
2187,59
2188,58
2189,58
2190,80
2191,72
2192,62
2193,78
2194,57
2195,57
2196,60
2197,56
2198,78
2199,56
2200,61
2201,65
2202,48
2203,59
2204,53
2205,28
2206,77
2207,62
2208,24
2209,56
2210,67
2211,77
2212,68
2213,78
2214,64
2215,57
2216,82
2217,79
2218,61
2219,59
2220,79
2221,56
2222,84
2223,48
2224,60
2225,65
2226,58
2227,58
2228,58
2229,59
2230,58
2231,56
2232,76
2233,45
2234,54
2235,58
2236,57
2237,69
2238,78
2239,80
2240,46
2241,58
2242,57
2243,75
2244,58
2245,77
2246,56
2247,76
2248,41
2249,56
2250,35
2251,56
2252,73
2253,66
2254,64
2255,56
2256,58
2257,57
2258,58
2259,59
2260,76
2261,7
2262,38
2263,57
2264,59
2265,65
2266,40
2267,39
2268,53
2269,18
2270,78
2271,58
2272,62
2273,55
2274,58
2275,49
2276,74
2277,56
2278,76
2279,59
2280,63
2281,57
2282,57
2283,44
2284,76
2285,50
2286,12
2287,56
2288,64
2289,57
2290,57
2291,77
2292,64
2293,29
2294,56
2295,76
2296,77
2297,58
2298,58
2299,54
2300,63
2301,57
2302,60
2303,57
2304,57
2305,59
2306,13
2307,76
2308,78
2309,77
2310,76
2311,73
2312,47
2313,76
2314,48
2315,64
2316,57
2317,61
2318,56
2319,57
2320,57
2321,61
2322,65
2323,27
2324,42
2325,57
2326,20
2327,46
2328,76
2329,56
2330,22
2331,59
2332,68
2333,67
2334,57
2335,25
2336,66
2337,56
2338,57
2339,63
2340,52
2341,58
2342,57
2343,56
2344,79
2345,61
2346,59
2347,57
2348,56
2349,69
2350,70
2351,13
2352,76
2353,71
2354,58
2355,57
2356,56
2357,78
2358,77
2359,56
2360,45
2361,49
2362,47
2363,68
2364,58
2365,56
2366,52
2367,56
2368,57
2369,56
2370,64
2371,26
2372,17
2373,46
2374,36
2375,59
2376,65
2377,70
2378,77
2379,76
2380,58
2381,56
2382,56
2383,76
2384,50
2385,58
2386,80
2387,37
2388,76
2389,76
2390,54
2391,65
2392,59
2393,56
2394,58
2395,76
2396,80
2397,79
2398,68
2399,66
2400,61
2401,53
2402,76
2403,55
2404,43
2405,46
2406,62
2407,78
2408,74
2409,56
2410,58
2411,76
2412,75
2413,57
2414,42
2415,77
2416,57
2417,75
2418,72
2419,44
2420,57
2421,57
2422,58
2423,75
2424,63
2425,46
2426,54
2427,57
2428,57
2429,56
2430,77
2431,40
2432,76
2433,75
2434,62
2435,56
2436,77
2437,52
2438,57
2439,59
2440,41
2441,60
2442,47
2443,77
2444,56
2445,77
2446,58
2447,63
2448,58
2449,64
2450,78
2451,9
2452,76
2453,67
2454,53
2455,56
2456,60
2457,57
2458,58
2459,56
2460,62
2461,30
2462,77
2463,44
2464,26
2465,70
2466,59
2467,23
2468,49
2469,78
2470,68
2471,58
2472,61
2473,62
2474,75
2475,58
2476,59
2477,56
2478,77
2479,59
2480,12
2481,76
2482,49
2483,56
2484,77
2485,79
2486,33
2487,57
2488,58
2489,70
2490,67
2491,56
2492,59
2493,73
2494,77
2495,50
2496,64
2497,59
2498,59
2499,58
2500,61
2501,82
2502,58
2503,77
2504,44
2505,56
2506,63
2507,65
2508,57
2509,29
2510,58
2511,56
2512,76
2513,68
2514,76
2515,77
2516,58
2517,77
2518,57
2519,65
2520,57
2521,78
2522,56
2523,58
2524,44
2525,59
2526,60
2527,16
2528,63
2529,56
2530,46
2531,76
2532,79
2533,62
2534,37
2535,70
2536,75
2537,56
2538,58
2539,18
2540,57
2541,80
2542,59
2543,82
2544,58
2545,59
2546,58
2547,56
2548,58
2549,53
2550,56
2551,30
2552,62
2553,21
2554,70
2555,77
2556,67
2557,77
2558,78
2559,80
2560,77
2561,56
2562,30
2563,79
2564,56
2565,77
2566,57
2567,44
2568,57
2569,76
2570,56
2571,36
2572,56
2573,57
2574,57
2575,73
2576,17
2577,58
2578,55
2579,56
2580,57
2581,43
2582,65
2583,56
2584,34
2585,61
2586,81
2587,27
2588,56
2589,77
2590,57
2591,51
2592,56
2593,59
2594,49
2595,60
2596,56
2597,74
2598,61
2599,80
2600,76
2601,56
2602,58
2603,80
2604,55
2605,39
2606,76
2607,57
2608,56
2609,81
2610,57
2611,58
2612,64
2613,42
2614,62
2615,8
2616,79
2617,76
2618,67
2619,42
2620,23
2621,42
2622,79
2623,76
2624,27
2625,41
2626,82
2627,45
2628,56
2629,76
2630,58
2631,56
2632,56
2633,56
2634,57
2635,81
2636,66
2637,71
2638,77
2639,77
2640,56
2641,56
2642,76
2643,18
2644,39
2645,61
2646,59
2647,57
2648,74
2649,56
2650,65
2651,56
2652,57
2653,56
2654,57
2655,78
2656,40
2657,65
2658,77
2659,60
2660,56
2661,60
2662,62
2663,57
2664,66
2665,56
2666,56
2667,41
2668,19
2669,57
2670,56
2671,57
2672,77
2673,78
2674,60
2675,61
2676,79
2677,60
2678,40
2679,57
2680,77
2681,63
2682,57
2683,75
2684,57
2685,63
2686,68
2687,58
2688,76
2689,66
2690,64
2691,42
2692,61
2693,62
2694,56
2695,56
2696,52
2697,76
2698,56
2699,5
2700,56
2701,31
2702,58
2703,77
2704,79
2705,79
2706,48
2707,26
2708,81
2709,59
2710,57
2711,59
2712,57
2713,76
2714,79
2715,55
2716,58
2717,59
2718,49
2719,56
2720,80
2721,56
2722,56
2723,18
2724,57
2725,56
2726,56
2727,66
2728,58
2729,56
2730,56
2731,58
2732,58
2733,72
2734,46
2735,56
2736,58
2737,57
2738,82
2739,56
2740,78
2741,59
2742,56
2743,60
2744,31
2745,57
2746,38
2747,77
2748,37
2749,48
2750,78
2751,57
2752,62
2753,61
2754,70
2755,60
2756,77
2757,77
2758,79
2759,60
2760,68
2761,60
2762,70
2763,42
2764,77
2765,56
2766,42
2767,61
2768,58
2769,22
2770,56
2771,38
2772,57
2773,30
2774,59
2775,59
2776,67
2777,59
2778,72
2779,56
2780,57
2781,76
2782,56
2783,78
2784,77
2785,56
2786,80
2787,80
2788,51
2789,56
2790,57
2791,35
2792,76
2793,77
2794,69
2795,77
2796,57
2797,81
2798,57
2799,76
2800,47
2801,65
2802,75
2803,59
2804,56
2805,57
2806,29
2807,56
2808,76
2809,56
2810,70
2811,41
2812,74
2813,63
2814,56
2815,77
2816,59
2817,60
2818,57
2819,77
2820,73
2821,59
2822,60
2823,76
2824,70
2825,56
2826,62
2827,73
2828,57
2829,76
2830,57
2831,61
2832,35
2833,57
2834,56
2835,58
2836,56
2837,60
2838,40
2839,57
2840,59
2841,50
2842,57
2843,44
2844,68
2845,56
2846,56
2847,42
2848,58
2849,56
2850,62
2851,59
2852,76
2853,80
2854,60
2855,78
2856,42
2857,66
2858,57
2859,59
2860,35
2861,67
2862,52
2863,57
2864,58
2865,76
2866,61
2867,61
2868,56
2869,80
2870,56
2871,77
2872,57
2873,42
2874,79
2875,58
2876,75
2877,67
2878,62
2879,35
2880,62
2881,80
2882,63
2883,69
2884,56
2885,58
2886,19
2887,56
2888,28
2889,77
2890,56
2891,57
2892,33
2893,61
2894,58
2895,56
2896,58
2897,60
2898,69
2899,70
2900,44
2901,8
2902,56
2903,79
2904,76
2905,68
2906,77
2907,57
2908,56
2909,57
2910,57
2911,57
2912,56
2913,66
2914,29
2915,76
2916,65
2917,56
2918,77
2919,64
2920,56
2921,76
2922,64
2923,16
2924,82
2925,80
2926,59
2927,57
2928,55
2929,26
2930,58
2931,76
2932,58
2933,77
2934,42
2935,42
2936,51
2937,32
2938,66
2939,57
2940,77
2941,37
2942,51
2943,57
2944,57
2945,68
2946,78
2947,62
2948,16
2949,42
2950,56
2951,56
2952,61
2953,61
2954,70
2955,36
2956,31
2957,50
2958,57
2959,48
2960,56
2961,57
2962,56
2963,56
2964,77
2965,58
2966,67
2967,38
2968,77
2969,56
2970,58
2971,56
2972,76
2973,71
2974,50
2975,58
2976,31
2977,77
2978,45
2979,76
2980,56
2981,57
2982,77
2983,56
2984,60
2985,57
2986,56
2987,81
2988,76
2989,58
2990,70
2991,45
2992,57
2993,59
2994,57
2995,78
2996,80
2997,56
2998,60
2999,50
3000,62
3001,76
3002,80
3003,76
3004,64
3005,56
3006,58
3007,77
3008,60
3009,63
3010,77
3011,78
3012,54
3013,61
3014,49
3015,58
3016,56
3017,79
3018,63
3019,43
3020,57
3021,57
3022,78
3023,57
3024,20
3025,57
3026,11
3027,58
3028,56
3029,43
3030,80
3031,77
3032,67
3033,72
3034,29
3035,40
3036,62
3037,60
3038,56
3039,78
3040,78
3041,60
3042,57
3043,72
3044,33
3045,59
3046,65
3047,63
3048,57
3049,57
3050,58
3051,73
3052,53
3053,61
3054,57
3055,11
3056,40
3057,72
3058,76
3059,56
3060,58
3061,60
3062,76
3063,58
3064,56
3065,44
3066,58
3067,58
3068,22
3069,56
3070,56
3071,28
3072,56
3073,57
3074,58
3075,56
3076,52
3077,66
3078,40
3079,57
3080,36
3081,78
3082,56
3083,76
3084,57
3085,39
3086,56
3087,60
3088,67
3089,71
3090,57
3091,56
3092,76
3093,77
3094,57
3095,56
3096,73
3097,78
3098,80
3099,79
3100,56
3101,64
3102,56
3103,77
3104,59
3105,76
3106,77
3107,22
3108,57
3109,77
3110,58
3111,64
3112,76
3113,16
3114,58
3115,64
3116,57
3117,58
3118,46
3119,58
3120,14
3121,50
3122,41
3123,77
3124,77
3125,50
3126,78
3127,74
3128,56
3129,64
3130,54
3131,79
3132,71
3133,31
3134,66
3135,56
3136,82
3137,14
3138,47
3139,66
3140,57
3141,76
3142,39
3143,61
3144,61
3145,79
3146,77
3147,77
3148,56
3149,71
3150,78
3151,58
3152,56
3153,56
3154,73
3155,59
3156,74
3157,78
3158,67
3159,31
3160,42
3161,63
3162,61
3163,25
3164,77
3165,78
3166,72
3167,80
3168,57
3169,63
3170,56
3171,57
3172,42
3173,30
3174,54
3175,30
3176,56
3177,56
3178,56
3179,57
3180,76
3181,67
3182,24
3183,57
3184,57
3185,78
3186,58
3187,42
3188,41
3189,77
3190,77
3191,58
3192,19
3193,39
3194,64
3195,76
3196,58
3197,62
3198,75
3199,53
3200,52
3201,76
3202,57
3203,74
3204,78
3205,20
3206,79
3207,77
3208,57
3209,56
3210,12
3211,56
3212,56
3213,76
3214,62
3215,79
3216,57
3217,59
3218,57
3219,18
3220,79
3221,58
3222,56
3223,74
3224,41
3225,80
3226,56
3227,24
3228,15
3229,57
3230,76
3231,36
3232,8
3233,57
3234,76
3235,18
3236,56
3237,56
3238,43
3239,39
3240,60
3241,57
3242,59
3243,59
3244,56
3245,40
3246,57
3247,13
3248,61
3249,59
3250,61
3251,56
3252,59
3253,23
3254,76
3255,46
3256,61
3257,64
3258,26
3259,56
3260,78
3261,56
3262,35
3263,53
3264,56
3265,59
3266,68
3267,47
3268,50
3269,60
3270,25
3271,66
3272,59
3273,62
3274,56
3275,56
3276,40
3277,46
3278,57
3279,76
3280,22
3281,76
3282,64
3283,57
3284,56
3285,65
3286,47
3287,57
3288,64
3289,56
3290,48
3291,56
3292,67
3293,56
3294,79
3295,78
3296,65
3297,56
3298,34
3299,56
3300,73
3301,68
3302,28
3303,63
3304,60
3305,60
3306,57
3307,51
3308,5
3309,59
3310,57
3311,72
3312,56
3313,20
3314,77
3315,60
3316,47
3317,56
3318,59
3319,56
3320,77
3321,28
3322,59
3323,39
3324,76
3325,58
3326,60
3327,59
3328,19
3329,58
3330,76
3331,62
3332,60
3333,63
3334,55
3335,51
3336,57
3337,57
3338,57
3339,57
3340,67
3341,68
3342,61
3343,79
3344,56
3345,44
3346,63
3347,56
3348,81
3349,43
3350,43
3351,60
3352,69
3353,47
3354,69
3355,56
3356,52
3357,64
3358,73
3359,76
3360,60
3361,56
3362,56
3363,65
3364,60
3365,76
3366,56
3367,29
3368,50
3369,76
3370,51
3371,57
3372,53
3373,65
3374,65
3375,53
3376,56
3377,59
3378,76
3379,57
3380,72
3381,81
3382,64
3383,60
3384,56
3385,56
3386,58
3387,71
3388,64
3389,57
3390,28
3391,46
3392,59
3393,41
3394,77
3395,57
3396,58
3397,35
3398,62
3399,77
3400,21
3401,41
3402,59
3403,68
3404,56
3405,76
3406,57
3407,39
3408,56
3409,60
3410,79
3411,77
3412,64
3413,58
3414,58
3415,56
3416,60
3417,68
3418,59
3419,60
3420,60
3421,79
3422,56
3423,29
3424,56
3425,65
3426,68
3427,57
3428,76
3429,79
3430,78
3431,66
3432,58
3433,58
3434,38
3435,59
3436,51
3437,56
3438,41
3439,74
3440,32
3441,58
3442,78
3443,51
3444,57
3445,76
3446,76
3447,57
3448,19
3449,44
3450,57
3451,58
3452,35
3453,58
3454,74
3455,58
3456,56
3457,42
3458,56
3459,31
3460,62
3461,60
3462,57
3463,24
3464,57
3465,56
3466,51
3467,48
3468,78
3469,48
3470,58
3471,79
3472,76
3473,29
3474,65
3475,76
3476,59
3477,58
3478,34
3479,66
3480,56
3481,77
3482,29
3483,58
3484,41
3485,37
3486,59
3487,54
3488,57
3489,62
3490,56
3491,78
3492,39
3493,58
3494,56
3495,61
3496,56
3497,62
3498,56
3499,61
3500,59
3501,56
3502,44
3503,57
3504,56
3505,58
3506,57
3507,76
3508,46
3509,75
3510,56
3511,56
3512,56
3513,54
3514,62
3515,58
3516,77
3517,76
3518,80
3519,31
3520,58
3521,57
3522,41
3523,61
3524,56
3525,56
3526,58
3527,57
3528,61
3529,56
3530,50
3531,56
3532,59
3533,60
3534,67
3535,56
3536,61
3537,56
3538,59
3539,79
3540,37
3541,62
3542,56
3543,57
3544,32
3545,58
3546,72
3547,56
3548,60
3549,56
3550,57
3551,23
3552,59
3553,58
3554,77
3555,56
3556,66
3557,56
3558,51
3559,57
3560,79
3561,70
3562,77
3563,77
3564,74
3565,74
3566,57
3567,65
3568,79
3569,43
3570,55
3571,23
3572,40
3573,62
3574,76
3575,77
3576,62
3577,56
3578,59
3579,56
3580,68
3581,29
3582,56
3583,58
3584,57
3585,56
3586,76
3587,58
3588,60
3589,77
3590,75
3591,58
3592,54
3593,18
3594,56
3595,57
3596,42
3597,55
3598,77
3599,76
3600,44
3601,76
3602,57
3603,59
3604,60
3605,71
3606,63
3607,57
3608,58
3609,56
3610,79
3611,56
3612,57
3613,54
3614,50
3615,57
3616,76
3617,78
3618,59
3619,60
3620,64
3621,56
3622,62
3623,56
3624,58
3625,78
3626,73
3627,68
3628,77
3629,69
3630,55
3631,56
3632,71
3633,75
3634,76
3635,56
3636,79
3637,56
3638,34
3639,58
3640,56
3641,66
3642,57
3643,58
3644,75
3645,59
3646,56
3647,43
3648,83
3649,71
3650,56
3651,73
3652,76
3653,49
3654,22
3655,69
3656,56
3657,14
3658,68
3659,65
3660,54
3661,58
3662,67
3663,56
3664,56
3665,58
3666,38
3667,76
3668,59
3669,57
3670,56
3671,59
3672,56
3673,56
3674,56
3675,57
3676,32
3677,64
3678,76
3679,61
3680,57
3681,56
3682,50
3683,47
3684,78
3685,62
3686,36
3687,62
3688,26
3689,76
3690,62
3691,59
3692,77
3693,58
3694,31
3695,56
3696,59
3697,60
3698,60
3699,80
3700,60
3701,71
3702,37
3703,77
3704,58
3705,56
3706,77
3707,56
3708,59
3709,65
3710,30
3711,56
3712,60
3713,38
3714,57
3715,51
3716,58
3717,37
3718,66
3719,56
3720,59
3721,66
3722,59
3723,61
3724,60
3725,77
3726,58
3727,56
3728,59
3729,57
3730,56
3731,56
3732,60
3733,56
3734,66
3735,47
3736,75
3737,57
3738,56
3739,56
3740,74
3741,58
3742,68
3743,64
3744,46
3745,57
3746,68
3747,77
3748,59
3749,27
3750,79
3751,33
3752,58
3753,48
3754,62
3755,78
3756,57
3757,41
3758,57
3759,71
3760,45
3761,59
3762,58
3763,68
3764,76
3765,75
3766,57
3767,60
3768,65
3769,57
3770,58
3771,58
3772,56
3773,78
3774,39
3775,80
3776,58
3777,58
3778,79
3779,78
3780,56
3781,62
3782,78
3783,59
3784,60
3785,47
3786,65
3787,56
3788,58
3789,43
3790,36
3791,41
3792,29
3793,56
3794,76
3795,59
3796,56
3797,67
3798,56
3799,65
3800,53
3801,66
3802,57
3803,83
3804,61
3805,59
3806,44
3807,59
3808,58
3809,29
3810,73
3811,75
3812,76
3813,55
3814,77
3815,56
3816,56
3817,48
3818,56
3819,79
3820,58
3821,57
3822,58
3823,56
3824,55
3825,56
3826,58
3827,60
3828,56
3829,69
3830,76
3831,37
3832,49
3833,82
3834,60
3835,66
3836,54
3837,57
3838,77
3839,73
3840,67
3841,59
3842,67
3843,57
3844,76
3845,57
3846,60
3847,50
3848,76
3849,77
3850,57
3851,56
3852,78
3853,80
3854,56
3855,77
3856,80
3857,76
3858,34
3859,67
3860,22
3861,56
3862,59
3863,77
3864,61
3865,77
3866,77
3867,58
3868,42
3869,57
3870,56
3871,80
3872,67
3873,57
3874,77
3875,59
3876,57
3877,71
3878,54
3879,59
3880,27
3881,57
3882,84
3883,76
3884,9
3885,76
3886,78
3887,76
3888,78
3889,56
3890,61
3891,46
3892,56
3893,76
3894,77
3895,38
3896,56
3897,60
3898,70
3899,77
3900,60
3901,76
3902,57
3903,65
3904,42
3905,67
3906,57
3907,62
3908,56
3909,73
3910,76
3911,58
3912,62
3913,57
3914,59
3915,56
3916,57
3917,59
3918,59
3919,81
3920,65
3921,56
3922,56
3923,77
3924,57
3925,77
3926,78
3927,60
3928,64
3929,57
3930,71
3931,25
3932,59
3933,73
3934,15
3935,76
3936,76
3937,59
3938,59
3939,71
3940,56
3941,65
3942,57
3943,41
3944,78
3945,76
3946,69
3947,80
3948,66
3949,56
3950,60
3951,57
3952,44
3953,57
3954,58
3955,77
3956,79
3957,57
3958,67
3959,53
3960,56
3961,17
3962,57
3963,48
3964,75
3965,57
3966,64
3967,72
3968,76
3969,81
3970,47
3971,46
3972,62
3973,50
3974,56
3975,63
3976,79
3977,68
3978,58
3979,79
3980,76
3981,76
3982,75
3983,78
3984,81
3985,58
3986,75
3987,23
3988,57
3989,81
3990,51
3991,57
3992,78
3993,56
3994,49
3995,57
3996,77
3997,46
3998,78
3999,42
4000,56
4001,28
4002,42
4003,56
4004,80
4005,56
4006,55
4007,76
4008,52
4009,78
4010,58
4011,33
4012,67
4013,56
4014,71
4015,58
4016,57
4017,31
4018,60
4019,39
4020,74
4021,78
4022,60
4023,76
4024,50
4025,57
4026,56
4027,57
4028,76
4029,79
4030,76
4031,52
4032,81
4033,61
4034,76
4035,31
4036,48
4037,57
4038,56
4039,56
4040,35
4041,50
4042,25
4043,59
4044,66
4045,56
4046,57
4047,65
4048,36
4049,76
4050,56
4051,56
4052,75
4053,48
4054,56
4055,77
4056,56
4057,64
4058,47
4059,56
4060,58
4061,76
4062,59
4063,56
4064,23
4065,58
4066,53
4067,62
4068,43
4069,56
4070,51
4071,56
4072,50
4073,59
4074,65
4075,76
4076,61
4077,77
4078,69
4079,51
4080,32
4081,76
4082,59
4083,68
4084,34
4085,59
4086,67
4087,48
4088,58
4089,42
4090,63
4091,51
4092,64
4093,49
4094,69
4095,57
4096,48
4097,38
4098,57
4099,65
4100,64
4101,32
4102,77
4103,75
4104,53
4105,57
4106,67
4107,56
4108,60
4109,56
4110,20
4111,43
4112,76
4113,76
4114,58
4115,62
4116,30
4117,76
4118,56
4119,56
4120,50
4121,56
4122,48
4123,51
4124,56
4125,42
4126,38
4127,57
4128,56
4129,78
4130,48
4131,80
4132,19
4133,76
4134,57
4135,57
4136,40
4137,58
4138,63
4139,56
4140,57
4141,76
4142,57
4143,58
4144,77
4145,26
4146,54
4147,58
4148,59
4149,56
4150,60
4151,77
4152,53
4153,56
4154,53
4155,61
4156,56
4157,58
4158,56
4159,60
4160,57
4161,60
4162,60
4163,58
4164,58
4165,37
4166,35
4167,77
4168,76
4169,58
4170,56
4171,63
4172,58
4173,58
4174,77
4175,68
4176,78
4177,64
4178,70
4179,42
4180,54
4181,62
4182,37
4183,57
4184,23
4185,57
4186,29
4187,54
4188,61
4189,81
4190,77
4191,79
4192,73
4193,76
4194,42
4195,52
4196,77
4197,59
4198,57
4199,57
4200,56
4201,55
4202,40
4203,56
4204,72
4205,57
4206,51
4207,60
4208,61
4209,58
4210,57
4211,58
4212,56
4213,56
4214,38
4215,50
4216,38
4217,36
4218,37
4219,45
4220,60
4221,56
4222,72
4223,56
4224,57
4225,64
4226,77
4227,41
4228,38
4229,56
4230,37
4231,76
4232,58
4233,42
4234,61
4235,59
4236,69
4237,60
4238,60
4239,60
4240,68
4241,76
4242,57
4243,79
4244,34
4245,57
4246,65
4247,66
4248,30
4249,58
4250,76
4251,40
4252,56
4253,64
4254,56
4255,76
4256,60
4257,66
4258,57
4259,29
4260,52
4261,78
4262,56
4263,56
4264,20
4265,78
4266,78
4267,51
4268,56
4269,57
4270,79
4271,59
4272,58
4273,76
4274,79
4275,59
4276,40
4277,26
4278,45
4279,75
4280,77
4281,56
4282,79
4283,57
4284,71
4285,18
4286,56
4287,36
4288,58
4289,56
4290,56
4291,57
4292,73
4293,75
4294,60
4295,78
4296,56
4297,60
4298,56
4299,60
4300,84
4301,65
4302,57
4303,57
4304,65
4305,56
4306,61
4307,51
4308,59
4309,76
4310,59
4311,56
4312,49
4313,18
4314,79
4315,57
4316,57
4317,64
4318,50
4319,71
4320,58
4321,77
4322,57
4323,78
4324,56
4325,50
4326,52
4327,48
4328,64
4329,57
4330,57
4331,44
4332,78
4333,56
4334,77
4335,50
4336,42
4337,77
4338,58
4339,77
4340,76
4341,57
4342,57
4343,52
4344,57
4345,56
4346,69
4347,58
4348,78
4349,46
4350,31
4351,42
4352,76
4353,44
4354,41
4355,31
4356,72
4357,56
4358,59
4359,56
4360,33
4361,67
4362,57
4363,70
4364,38
4365,20
4366,60
4367,25
4368,55
4369,38
4370,56
4371,76
4372,57
4373,56
4374,32
4375,1
4376,79
4377,59
4378,83
4379,69
4380,52
4381,78
4382,61
4383,56
4384,45
4385,56
4386,58
4387,58
4388,59
4389,39
4390,56
4391,59
4392,58
4393,76
4394,58
4395,76
4396,59
4397,76
4398,59
4399,56
4400,53
4401,60
4402,27
4403,59
4404,56
4405,74
4406,28
4407,56
4408,56
4409,60
4410,81
4411,78
4412,76
4413,82
4414,61
4415,57
4416,55
4417,50
4418,56
4419,73
4420,58
4421,77
4422,44
4423,44
4424,29
4425,42
4426,56
4427,56
4428,58
4429,58
4430,48
4431,61
4432,71
4433,77
4434,57
4435,80
4436,57
4437,56
4438,57
4439,75
4440,56
4441,65
4442,79
4443,62
4444,59
4445,57
4446,60
4447,47
4448,72
4449,36
4450,60
4451,59
4452,78
4453,57
4454,77
4455,76
4456,49
4457,39
4458,60
4459,56
4460,62
4461,76
4462,76
4463,61
4464,75
4465,56
4466,56
4467,67
4468,59
4469,64
4470,48
4471,56
4472,76
4473,66
4474,76
4475,57
4476,80
4477,58
4478,71
4479,58
4480,61
4481,56
4482,61
4483,59
4484,56
4485,59
4486,37
4487,69
4488,76
4489,77
4490,56
4491,71
4492,78
4493,82
4494,60
4495,61
4496,66
4497,59
4498,76
4499,56
4500,52
4501,56
4502,57
4503,66
4504,57
4505,63
4506,56
4507,29
4508,57
4509,76
4510,75
4511,77
4512,62
4513,59
4514,56
4515,60
4516,76
4517,57
4518,59
4519,32
4520,57
4521,59
4522,37
4523,51
4524,76
4525,46
4526,56
4527,71
4528,56
4529,42
4530,76
4531,56
4532,80
4533,58
4534,43
4535,75
4536,50
4537,34
4538,32
4539,38
4540,74
4541,71
4542,78
4543,58
4544,57
4545,76
4546,15
4547,56
4548,60
4549,66
4550,76
4551,58
4552,62
4553,56
4554,78
4555,58
4556,58
4557,70
4558,47
4559,57
4560,57
4561,16
4562,59
4563,37
4564,77
4565,79
4566,61
4567,78
4568,58
4569,60
4570,28
4571,58
4572,27
4573,41
4574,43
4575,34
4576,56
4577,26
4578,80
4579,57
4580,56
4581,44
4582,77
4583,85
4584,21
4585,57
4586,45
4587,76
4588,43
4589,74
4590,56
4591,48
4592,54
4593,59
4594,56
4595,56
4596,56
4597,77
4598,78
4599,60
4600,58
4601,44
4602,56
4603,57
4604,56
4605,70
4606,59
4607,13
4608,34
4609,25
4610,73
4611,57
4612,60
4613,47
4614,77
4615,81
4616,60
4617,76
4618,62
4619,77
4620,69
4621,68
4622,58
4623,56
4624,49
4625,46
4626,56
4627,80
4628,59
4629,55
4630,56
4631,58
4632,54
4633,56
4634,56
4635,56
4636,61
4637,56
4638,67
4639,57
4640,56
4641,60
4642,56
4643,76
4644,58
4645,58
4646,73
4647,76
4648,29
4649,56
4650,58
4651,56
4652,49
4653,60
4654,56
4655,57
4656,29
4657,62
4658,71
4659,78
4660,56
4661,78
4662,76
4663,20
4664,69
4665,26
4666,82
4667,57
4668,39
4669,57
4670,57
4671,77
4672,56
4673,76
4674,67
4675,69
4676,57
4677,58
4678,56
4679,76
4680,35
4681,32
4682,83
4683,56
4684,58
4685,79
4686,29
4687,77
4688,58
4689,76
4690,56
4691,43
4692,17
4693,57
4694,26
4695,40
4696,39
4697,71
4698,56
4699,77
4700,56
4701,56
4702,42
4703,57
4704,57
4705,64
4706,57
4707,65
4708,39
4709,73
4710,41
4711,56
4712,36
4713,76
4714,59
4715,57
4716,46
4717,72
4718,76
4719,78
4720,68
4721,43
4722,71
4723,61
4724,56
4725,77
4726,56
4727,60
4728,76
4729,24
4730,56
4731,56
4732,56
4733,56
4734,58
4735,73
4736,57
4737,68
4738,76
4739,57
4740,75
4741,58
4742,78
4743,58
4744,32
4745,67
4746,56
4747,57
4748,56
4749,76
4750,59
4751,15
4752,64
4753,43
4754,71
4755,58
4756,79
4757,54
4758,12
4759,51
4760,70
4761,68
4762,40
4763,61
4764,60
4765,26
4766,76
4767,65
4768,57
4769,51
4770,78
4771,58
4772,57
4773,42
4774,41
4775,56
4776,60
4777,58
4778,60
4779,59
4780,56
4781,56
4782,76
4783,39
4784,76
4785,56
4786,56
4787,57
4788,31
4789,56
4790,49
4791,26
4792,70
4793,76
4794,58
4795,76
4796,56
4797,56
4798,61
4799,60
4800,56
4801,56
4802,48
4803,58
4804,66
4805,56
4806,33
4807,27
4808,57
4809,40
4810,33
4811,58
4812,49
4813,10
4814,69
4815,77
4816,76
4817,69
4818,41
4819,77
4820,56
4821,56
4822,81
4823,66
4824,41
4825,48
4826,63
4827,56
4828,38
4829,64
4830,79
4831,76
4832,76
4833,56
4834,56
4835,57
4836,57
4837,62
4838,63
4839,61
4840,76
4841,57
4842,56
4843,70
4844,16
4845,24
4846,76
4847,80
4848,56
4849,57
4850,58
4851,57
4852,60
4853,59
4854,76
4855,51
4856,54
4857,60
4858,56
4859,61
4860,40
4861,51
4862,76
4863,36
4864,56
4865,76
4866,22
4867,62
4868,57
4869,76
4870,65
4871,59
4872,55
4873,75
4874,57
4875,76
4876,58
4877,77
4878,58
4879,63
4880,20
4881,57
4882,57
4883,66
4884,76
4885,76
4886,44
4887,61
4888,11
4889,76
4890,49
4891,54
4892,76
4893,52
4894,56
4895,75
4896,61
4897,56
4898,58
4899,56
4900,62
4901,77
4902,64
4903,59
4904,53
4905,59
4906,56
4907,56
4908,76
4909,59
4910,66
4911,60
4912,68
4913,33
4914,76
4915,30
4916,58
4917,38
4918,42
4919,56
4920,58
4921,79
4922,57
4923,61
4924,77
4925,39
4926,56
4927,19
4928,42
4929,63
4930,39
4931,56
4932,57
4933,76
4934,73
4935,57
4936,62
4937,58
4938,59
4939,56
4940,56
4941,56
4942,56
4943,60
4944,64
4945,43
4946,57
4947,39
4948,73
4949,58
4950,75
4951,65
4952,69
4953,56
4954,57
4955,51
4956,59
4957,64
4958,58
4959,58
4960,56
4961,71
4962,70
4963,54
4964,57
4965,52
4966,76
4967,79
4968,81
4969,35
4970,59
4971,27
4972,57
4973,77
4974,78
4975,68
4976,56
4977,59
4978,57
4979,58
4980,76
4981,56
4982,55
4983,77
4984,68
4985,56
4986,42
4987,56
4988,42
4989,58
4990,57
4991,63
4992,28
4993,75
4994,57
4995,57
4996,83
4997,74
4998,56
4999,59
